统计维度,指标,数值,备注
总量,全部文件,601,不含备份目录
总量,Markdown,576,
格式,.md,576,
格式,.csv,8,
格式,.py,7,
格式,.html,5,
格式,.json,5,
敏感等级,public,198,对外AI可读
敏感等级,internal,303,仅内部
敏感等级,confidential,75,价格/成本/供应商
敏感等级,缺标签,0,
分类,(root_file),1,pub=1/int=0/conf=0
分类,00_导航与规范,81,pub=0/int=67/conf=0
分类,01_公司与品牌,48,pub=13/int=32/conf=3
分类,02_产品知识库,110,pub=37/int=26/conf=36
分类,03_客户开发与CRM,43,pub=0/int=43/conf=0
分类,04_国家地区开发指南,65,pub=65/int=0/conf=0
分类,05_独立站与SEO,39,pub=17/int=17/conf=5
分类,06_海外仓与订单物流,16,pub=0/int=16/conf=0
分类,07_营销与社媒,71,pub=21/int=24/conf=26
分类,08_AI工作流与工具,27,pub=0/int=27/conf=0
分类,09_行业知识与培训,35,pub=21/int=14/conf=0
分类,10_项目路演与政府材料,17,pub=15/int=2/conf=0
分类,11_订单与财务,25,pub=0/int=21/conf=4
分类,13_外部知识层,19,pub=7/int=11/conf=1
分类,99_原始资料索引与映射,3,pub=0/int=3/conf=0
分类,99_归档,1,pub=1/int=0/conf=0
SKU,候选总数,181,
SKU,已入库,20,v7.0试点
SKU,剩余待入库,161,181-20
SKU,READY,141,可直接入库
SKU,管制,13,不入库
SKU,仿牌,6,不入库
SKU,INCOMPLETE,1,缺字段
