类别,指标,数量,备注
Markdown总数,合计,550,
敏感等级,public,186,对外AI可读
敏感等级,internal,290,仅内部
敏感等级,confidential,74,价格/成本/供应商真名
敏感等级,缺标签,0,本轮已全部补齐
文件格式,Markdown,550,
文件格式,HTML,4,含v7.1图表/思维导图
文件格式,CSV,2,v7.1统计+敏感清单+数量核对
文件格式,JSON,5,统计数据+SKU验证json
文件格式,Python脚本,7,SKU提取脚本
文件格式,PDF,0,原始资料在知识库外
文件格式,XLSX,0,原始SKU表在知识库外
文件格式,PPT,0,原始课件在知识库外
一级分类,02_产品知识库,94,
一级分类,07_营销与社媒,71,
一级分类,04_国家地区开发指南,65,
一级分类,00_导航与规范,48,
一级分类,01_公司与品牌,48,
一级分类,03_客户开发与CRM,43,
一级分类,05_独立站与SEO,39,
一级分类,09_行业知识与培训,35,
一级分类,08_AI工作流与工具,27,
一级分类,11_订单与财务,25,
一级分类,13_外部知识层,17,
一级分类,10_项目路演与政府材料,17,
一级分类,06_海外仓与订单物流,16,
一级分类,99_原始资料索引与映射,3,
一级分类,根目录单文件,1,
一级分类,99_归档,1,
SKU状态,已入库,20,v7.0试点
SKU状态,READY,141,待下一批
SKU状态,管制REGULATED,13,禁止公开
SKU状态,仿牌PRIVATE_LABEL_RISK,6,禁止公开
SKU状态,INCOMPLETE,1,缺关键字段
SKU状态,合计,181,
问题优先级,P0,7,本轮已修复
问题优先级,P1,11,已修复/登记例外
问题优先级,P2,0,
备份,public_safe文件数,186,
备份,internal_full文件数,569,
,,,# v7.1.1勘误：181为候选SKU总数；已入库20；剩余待入库161（其中READY 141/管制13/仿牌6/INCOMPLETE1）
