类别,指标,数值,备注
文件总量,全部文件数,569, 
文件总量,Markdown,550, 
文件总量,HTML,5, 
文件总量,CSV,2, 
文件总量,JSON,5, 
文件总量,Python脚本,7, 
文件总量,PDF,0,知识库外
文件总量,XLSX,0,知识库外
文件总量,PPT,0,知识库外
文件总量,总大小MB,9.61, 
敏感等级,public,186,对外AI可读
敏感等级,internal,290,仅内部
敏感等级,confidential,74,价格/成本/供应商真名
SKU状态,已入库,20,v7.0试点
SKU状态,READY,141,待下一批
SKU状态,管制,13,禁止公开
SKU状态,仿牌,6,禁止公开
SKU状态,INCOMPLETE,1,缺关键字段
SKU状态,合计,181, 
问题优先级,P0,7,v7.1已修复
问题优先级,P1,11,已修复/例外
问题优先级,P2,0, 
外部来源等级,S,2,政府/法规
外部来源等级,A,4,权威
外部来源等级,A/B,1, 
外部来源等级,B,3,社区
分类/02_产品知识库,合计,94,pub32/int26/conf36
分类/07_营销与社媒,合计,71,pub21/int24/conf26
分类/04_国家地区开发指南,合计,65,pub65/int0/conf0
分类/00_导航与规范,合计,48,pub0/int48/conf0
分类/01_公司与品牌,合计,48,pub13/int32/conf3
分类/03_客户开发与CRM,合计,43,pub0/int43/conf0
分类/05_独立站与SEO,合计,39,pub17/int17/conf5
分类/09_行业知识与培训,合计,35,pub21/int14/conf0
分类/08_AI工作流与工具,合计,27,pub0/int27/conf0
分类/11_订单与财务,合计,25,pub0/int21/conf4
分类/13_外部知识层,合计,17,pub0/int17/conf0
分类/10_项目路演与政府材料,合计,17,pub15/int2/conf0
分类/06_海外仓与订单物流,合计,16,pub0/int16/conf0
分类/99_原始资料索引与映射,合计,3,pub0/int3/conf0
分类/知识库完整框架说明.md,合计,1,pub1/int0/conf0
分类/99_归档,合计,1,pub1/int0/conf0
,,,# v7.1.1勘误：181为候选SKU总数；已入库20；剩余待入库161（其中READY 141/管制13/仿牌6/INCOMPLETE1）
