文件路径,分类,sensitivity
00_导航与规范/00_README_知识库总导航.md,00_导航与规范,internal
00_导航与规范/01_知识库使用指南_AI读取规范.md,00_导航与规范,internal
00_导航与规范/02_公司核心事实速查表.md,00_导航与规范,internal
00_导航与规范/03_术语规范与版本冲突说明.md,00_导航与规范,internal
00_导航与规范/04_多级分类体系.md,00_导航与规范,internal
00_导航与规范/05_知识库质量审计报告.md,00_导航与规范,internal
00_导航与规范/05_知识库质量审计报告_v3.6.md,00_导航与规范,internal
00_导航与规范/06_AI工作台接入指南.md,00_导航与规范,internal
00_导航与规范/07_知识库维护与更新规范.md,00_导航与规范,internal
00_导航与规范/08_知识库实战演示.md,00_导航与规范,internal
00_导航与规范/Leo待确认清单_v5.7.md,00_导航与规范,internal
00_导航与规范/P0整合报告_2026-09-28.md,00_导航与规范,internal
00_导航与规范/v5.0全量扫描报告.md,00_导航与规范,internal
00_导航与规范/v5.0知识库深度分析报告.md,00_导航与规范,internal
00_导航与规范/v5.4全量扫描报告.md,00_导航与规范,internal
00_导航与规范/v5.7事实核验报告.md,00_导航与规范,internal
00_导航与规范/v5.7合并与归档清单.md,00_导航与规范,internal
00_导航与规范/v7.0_P0_P1_P2问题清单.md,00_导航与规范,internal
00_导航与规范/v7.0_协会PPT去重报告.md,00_导航与规范,internal
00_导航与规范/v7.0_后续增量维护SOP.md,00_导航与规范,internal
00_导航与规范/v7.0_审计临时结果_A.md,00_导航与规范,internal
00_导航与规范/v7.0_审计临时结果_B.md,00_导航与规范,internal
00_导航与规范/v7.0_最终交付目录.md,00_导航与规范,internal
00_导航与规范/v7.0_最终待Leo确认清单.md,00_导航与规范,internal
00_导航与规范/v7.0_知识库最终框架说明.md,00_导航与规范,internal
00_导航与规范/v7.0最终验收审计报告.md,00_导航与规范,internal
00_导航与规范/v7.0阶段1_原始资料全量盘点报告.md,00_导航与规范,internal
00_导航与规范/v7.1.1_勘误说明.md,00_导航与规范,internal
00_导航与规范/v7.1_31个文件敏感等级补标报告.md,00_导航与规范,internal
00_导航与规范/v7.1_AI检索回归测试报告.md,00_导航与规范,internal
00_导航与规范/v7.1_P0修复前后对比报告.md,00_导航与规范,internal
00_导航与规范/v7.1_P0修复日志.md,00_导航与规范,internal
00_导航与规范/v7.1_公开层安全扫描报告.md,00_导航与规范,internal
00_导航与规范/v7.1_后续增量维护SOP.md,00_导航与规范,internal
00_导航与规范/v7.1_备份清单与校验值.md,00_导航与规范,internal
00_导航与规范/v7.1_最终交付验收报告.md,00_导航与规范,internal
00_导航与规范/v7.1_最终发布候选报告.md,00_导航与规范,internal
00_导航与规范/v7.1_最终框架说明.md,00_导航与规范,internal
00_导航与规范/v7.1_正式交付目录.md,00_导航与规范,internal
00_导航与规范/v7.1_版本变更记录.md,00_导航与规范,internal
00_导航与规范/v7.2_公开产品脱敏版重建计划.md,00_导航与规范,internal
00_导航与规范/v7.2_增量路线图.md,00_导航与规范,internal
00_导航与规范/v7.2_备份清单与校验值.md,00_导航与规范,internal
00_导航与规范/v7.2_外部知识公开性审核结果.md,00_导航与规范,internal
00_导航与规范/v7.2_外部知识公开性审核表.md,00_导航与规范,internal
00_导航与规范/v7.2_外部知识待补来源清单.md,00_导航与规范,internal
00_导航与规范/v7.2_外部知识文件数量差异说明.md,00_导航与规范,internal
00_导航与规范/v7.2_待Leo确认清单.md,00_导航与规范,internal
00_导航与规范/v7.2_法规汇编审核结果.md,00_导航与规范,internal
00_导航与规范/v7.2_维护日历.md,00_导航与规范,internal
00_导航与规范/v7.2_阶段1变更记录.md,00_导航与规范,internal
00_导航与规范/v7.2_阶段2-4变更记录.md,00_导航与规范,internal
00_导航与规范/分类体系扩张评估报告_2026-09-28.md,00_导航与规范,internal
00_导航与规范/场景路由表.md,00_导航与规范,internal
00_导航与规范/外贸公司知识库标准内容清单.md,00_导航与规范,internal
00_导航与规范/外部知识过期日历.md,00_导航与规范,internal
00_导航与规范/术语表_中英对照与禁用词.md,00_导航与规范,internal
00_导航与规范/标准问答库.md,00_导航与规范,internal
00_导航与规范/知识库使用手册_Leo版.md,00_导航与规范,internal
00_导航与规范/知识库使用教程.md,00_导航与规范,internal
00_导航与规范/知识库使用案例集.md,00_导航与规范,internal
00_导航与规范/知识库分享概览.md,00_导航与规范,internal
00_导航与规范/知识库差距分析报告_v3.9.md,00_导航与规范,internal
00_导航与规范/知识库知识图谱与关联索引.md,00_导航与规范,internal
00_导航与规范/知识库维护日历.md,00_导航与规范,internal
00_导航与规范/需要Leo提供的资料清单.md,00_导航与规范,internal
00_导航与规范/首批内容试点清单.md,00_导航与规范,internal
01_公司与品牌/01_公司简介_中英文权威版.md,01_公司与品牌,public
01_公司与品牌/02_创始人简介_利建成LeoLi.md,01_公司与品牌,public
01_公司与品牌/03_公司发展历程与里程碑.md,01_公司与品牌,public
01_公司与品牌/04_品牌故事与核心理念.md,01_公司与品牌,public
01_公司与品牌/05_公司核心事实速查表.md,01_公司与品牌,internal
01_公司与品牌/05a_对外材料最新版数据_9.26.md,01_公司与品牌,internal
01_公司与品牌/06_版本冲突与权威口径说明.md,01_公司与品牌,internal
01_公司与品牌/07_媒体报道与舆论背书.md,01_公司与品牌,public
01_公司与品牌/08_首单社媒证明与信任资产.md,01_公司与品牌,public
01_公司与品牌/09_组织架构与岗位职责.md,01_公司与品牌,internal
01_公司与品牌/10_绩效考核与提成方案.md,01_公司与品牌,confidential
01_公司与品牌/11_新员工培训体系.md,01_公司与品牌,internal
01_公司与品牌/12_团队协作流程与工具.md,01_公司与品牌,internal
01_公司与品牌/创始人资料/01_创始人资料总览.md,01_公司与品牌,public
01_公司与品牌/创始人资料/02_政府宣讲与政策参与.md,01_公司与品牌,public
01_公司与品牌/创始人资料/03_协会宣讲与行业分享.md,01_公司与品牌,public
01_公司与品牌/创始人资料/04_上课宣讲与教学分享.md,01_公司与品牌,public
01_公司与品牌/创始人资料/05_创业比赛路演.md,01_公司与品牌,public
01_公司与品牌/创始人资料/06_媒体采访与品牌报道.md,01_公司与品牌,public
01_公司与品牌/创始人资料/07_其他公开分享.md,01_公司与品牌,public
01_公司与品牌/工厂与供应链/01_合作工厂体系.md,01_公司与品牌,internal
01_公司与品牌/工厂与供应链/02_生产工艺与质量控制.md,01_公司与品牌,internal
01_公司与品牌/工厂与供应链/03_OEM_ODM定制能力.md,01_公司与品牌,internal
01_公司与品牌/工厂与供应链/04_股权合作模式.md,01_公司与品牌,confidential
01_公司与品牌/工厂与供应链/05_工厂宣传片与视觉资产.md,01_公司与品牌,internal
01_公司与品牌/工厂与供应链/06_供应链管理SOP.md,01_公司与品牌,internal
01_公司与品牌/工厂与供应链/07_供应商评估与管理.md,01_公司与品牌,internal
01_公司与品牌/工厂与供应链/08_供应链风险识别与应对.md,01_公司与品牌,internal
01_公司与品牌/工厂与供应链/09_原材料采购与库存管理.md,01_公司与品牌,internal
01_公司与品牌/工厂与供应链/供应链成本拆解模板.md,01_公司与品牌,confidential
01_公司与品牌/工厂与供应链/风险管理与应急预案.md,01_公司与品牌,internal
01_公司与品牌/知识产权与合规/01_商标注册与保护.md,01_公司与品牌,internal
01_公司与品牌/知识产权与合规/02_专利与外观设计.md,01_公司与品牌,internal
01_公司与品牌/知识产权与合规/03_数据隐私合规.md,01_公司与品牌,internal
01_公司与品牌/知识产权与合规/04_产品合规认证体系.md,01_公司与品牌,internal
01_公司与品牌/知识产权与合规/05_出口管制与制裁合规.md,01_公司与品牌,internal
01_公司与品牌/知识产权与合规/产品认证标准库.md,01_公司与品牌,internal
01_公司与品牌/知识产权与合规/全球法规变化追踪_2025-2026.md,01_公司与品牌,internal
01_公司与品牌/知识产权与合规/各国产品认证要求矩阵.md,01_公司与品牌,internal
01_公司与品牌/知识产权与合规/各国认证要求详解.md,01_公司与品牌,internal
01_公司与品牌/知识产权与合规/商标国际注册实操.md,01_公司与品牌,internal
01_公司与品牌/知识产权与合规/海外专利与品牌维权实操.md,01_公司与品牌,internal
01_公司与品牌/资质认证/01_资质证书总览.md,01_公司与品牌,internal
01_公司与品牌/资质认证/02_产品认证详解.md,01_公司与品牌,internal
01_公司与品牌/资质认证/03_社会责任认证.md,01_公司与品牌,internal
01_公司与品牌/资质认证/04_钢材材质证明.md,01_公司与品牌,internal
01_公司与品牌/资质认证/05_质保与售后政策.md,01_公司与品牌,internal
01_公司与品牌/资质认证/05a_质保与售后政策_最终版.md,01_公司与品牌,internal
02_产品知识库/00_产品知识库总览.md,02_产品知识库,public
02_产品知识库/00_四大品类产品参数汇总_确认版.md,02_产品知识库,internal
02_产品知识库/SKU数据提取/00_SKU数据覆盖差异报告.md,02_产品知识库,internal
02_产品知识库/SKU数据提取/01_SKU数据源文件清单.md,02_产品知识库,internal
02_产品知识库/SKU数据提取/02_SKU冲突清单.md,02_产品知识库,internal
02_产品知识库/SKU数据提取/03_敏感字段登记.md,02_产品知识库,internal
02_产品知识库/SKU数据提取/04_SKU入库前验收报告.md,02_产品知识库,internal
02_产品知识库/SKU数据提取/05_待入库SKU清单.md,02_产品知识库,internal
02_产品知识库/SKU数据提取/06_20条抽查证据表.md,02_产品知识库,internal
02_产品知识库/SKU数据提取/07_Leo待决策清单_v7.md,02_产品知识库,internal
02_产品知识库/SKU数据提取/08_对外使用风险清单.md,02_产品知识库,internal
02_产品知识库/SKU正式库/00_SKU正式库总览.md,02_产品知识库,internal
02_产品知识库/SKU正式库/01_厨刀SKU正式库.md,02_产品知识库,public
02_产品知识库/SKU正式库/02_专业剪刀SKU正式库.md,02_产品知识库,public
02_产品知识库/SKU正式库/03_户外刀SKU正式库.md,02_产品知识库,public
02_产品知识库/SKU正式库/04_厨房配件SKU正式库.md,02_产品知识库,public
02_产品知识库/SKU试点入库_待审批/20个SKU试点入库清单.md,02_产品知识库,internal
02_产品知识库/SKU试点入库_待审批/待工厂确认字段清单.md,02_产品知识库,internal
02_产品知识库/SKU试点入库_待审批/试点SKU字段来源证据表.md,02_产品知识库,internal
02_产品知识库/SKU试点入库_待审批/试点入库差异报告.md,02_产品知识库,internal
02_产品知识库/SKU试点入库_待审批/试点检索测试报告.md,02_产品知识库,internal
02_产品知识库/public产品版/00_公开产品版总览.md,02_产品知识库,public
02_产品知识库/public产品版/01_厨刀产品参数_公开版.md,02_产品知识库,public
02_产品知识库/public产品版/02_专业剪刀产品参数_公开版.md,02_产品知识库,public
02_产品知识库/public产品版/03_户外刀产品参数_公开版.md,02_产品知识库,public
02_产品知识库/public产品版/04_厨房配件产品参数_公开版.md,02_产品知识库,public
02_产品知识库/专业剪刀/01_专业剪刀品类总览.md,02_产品知识库,public
02_产品知识库/专业剪刀/02_专业剪刀SKU索引.md,02_产品知识库,public
02_产品知识库/专业剪刀/03_专业剪刀规格参数标准.md,02_产品知识库,public
02_产品知识库/专业剪刀/04_专业剪刀SKU完整参数表.md,02_产品知识库,confidential
02_产品知识库/专业剪刀/05_专业剪刀SKU详情集a.md,02_产品知识库,confidential
02_产品知识库/专业剪刀/05_专业剪刀SKU详情集b.md,02_产品知识库,confidential
02_产品知识库/专业剪刀/剪刀SKU深度参数与应用场景.md,02_产品知识库,confidential
02_产品知识库/专业剪刀/剪刀技术参数深度说明.md,02_产品知识库,public
02_产品知识库/专业剪刀/剪刀类型与制造工艺.md,02_产品知识库,public
02_产品知识库/产品FAQ库/01_厨房刀FAQ.md,02_产品知识库,internal
02_产品知识库/产品FAQ库/02_专业剪刀FAQ.md,02_产品知识库,public
02_产品知识库/产品FAQ库/03_户外刀FAQ.md,02_产品知识库,internal
02_产品知识库/产品FAQ库/04_厨房用品FAQ.md,02_产品知识库,public
02_产品知识库/产品保养维护指南.md,02_产品知识库,public
02_产品知识库/产品竞争对比矩阵.md,02_产品知识库,confidential
02_产品知识库/产品视频脚本库/01_产品展示视频脚本模板.md,02_产品知识库,confidential
02_产品知识库/产品视频脚本库/02_工厂实力视频脚本.md,02_产品知识库,public
02_产品知识库/产品视频脚本库/03_产品使用教程脚本.md,02_产品知识库,public
02_产品知识库/产品视频脚本库/04_短视频平台脚本模板.md,02_产品知识库,confidential
02_产品知识库/产品视频脚本库/05_短视频平台爆款脚本模板.md,02_产品知识库,confidential
02_产品知识库/产品视频脚本库/06_工厂实力展示与客户见证视频脚本.md,02_产品知识库,public
02_产品知识库/产品视频脚本库/07_节日营销视频脚本.md,02_产品知识库,public
02_产品知识库/产品选购指南/剪刀选购指南.md,02_产品知识库,confidential
02_产品知识库/产品选购指南/厨刀选购指南.md,02_产品知识库,confidential
02_产品知识库/产品选购指南/厨房用品选购指南.md,02_产品知识库,confidential
02_产品知识库/产品选购指南/户外刀选购指南.md,02_产品知识库,confidential
02_产品知识库/刀具钢材参数深度库.md,02_产品知识库,public
02_产品知识库/刀剪市场规模与可持续发展_2026补充.md,02_产品知识库,public
02_产品知识库/刀剪行业动态_2026Q3补充.md,02_产品知识库,public
02_产品知识库/刀剪行业技术与材料发展_2026.md,02_产品知识库,public
02_产品知识库/厨房刀具/01_厨房刀具品类总览.md,02_产品知识库,internal
02_产品知识库/厨房刀具/02_厨房刀具SKU索引.md,02_产品知识库,confidential
02_产品知识库/厨房刀具/03_厨房刀具规格参数标准.md,02_产品知识库,internal
02_产品知识库/厨房刀具/04_厨房刀具SKU完整参数表.md,02_产品知识库,confidential
02_产品知识库/厨房刀具/05_厨房刀具SKU详情集a.md,02_产品知识库,confidential
02_产品知识库/厨房刀具/05_厨房刀具SKU详情集b.md,02_产品知识库,confidential
02_产品知识库/厨房刀具/06_厨刀套装SKU完整参数表.md,02_产品知识库,confidential
02_产品知识库/厨房刀具/07_厨刀套装SKU详情集a.md,02_产品知识库,confidential
02_产品知识库/厨房刀具/07_厨刀套装SKU详情集b.md,02_产品知识库,confidential
02_产品知识库/厨房刀具/厨刀SKU深度参数与应用场景.md,02_产品知识库,confidential
02_产品知识库/厨房刀具/厨刀技术参数深度说明.md,02_产品知识库,public
02_产品知识库/厨房刀具/厨刀文化与历史.md,02_产品知识库,confidential
02_产品知识库/厨房用品/01_厨房用品品类总览.md,02_产品知识库,public
02_产品知识库/厨房用品/02_厨房用品SKU索引.md,02_产品知识库,public
02_产品知识库/厨房用品/03_厨房用品规格参数标准.md,02_产品知识库,public
02_产品知识库/厨房用品/04_厨房用品SKU完整参数表.md,02_产品知识库,confidential
02_产品知识库/厨房用品/05_厨房用品SKU详情集.md,02_产品知识库,confidential
02_产品知识库/厨房用品/厨房工具大全与材质安全.md,02_产品知识库,confidential
02_产品知识库/厨房用品/厨房用品SKU深度参数与应用场景.md,02_产品知识库,confidential
02_产品知识库/厨房用品/厨房用品技术参数深度说明.md,02_产品知识库,public
02_产品知识库/四大品类市场趋势与产品创新_2026.md,02_产品知识库,public
02_产品知识库/户外刀具/01_户外刀具品类总览.md,02_产品知识库,internal
02_产品知识库/户外刀具/02_户外刀具SKU索引.md,02_产品知识库,internal
02_产品知识库/户外刀具/03_户外刀具规格参数标准.md,02_产品知识库,internal
02_产品知识库/户外刀具/04_户外刀具SKU完整参数表.md,02_产品知识库,confidential
02_产品知识库/户外刀具/05_户外刀具SKU详情集a.md,02_产品知识库,confidential
02_产品知识库/户外刀具/05_户外刀具SKU详情集b.md,02_产品知识库,confidential
02_产品知识库/户外刀具/仿牌SKU处理决策.md,02_产品知识库,confidential
02_产品知识库/户外刀具/户外刀SKU深度参数与应用场景.md,02_产品知识库,confidential
02_产品知识库/户外刀具/户外刀使用与维护指南.md,02_产品知识库,confidential
02_产品知识库/户外刀具/户外刀技术参数深度说明.md,02_产品知识库,internal
02_产品知识库/术语与材质/01_中英术语库_产品类.md,02_产品知识库,public
02_产品知识库/术语与材质/02_中英术语库_材质工艺类.md,02_产品知识库,public
02_产品知识库/术语与材质/03_钢材材质知识库.md,02_产品知识库,public
02_产品知识库/术语与材质/04_包装定制规范.md,02_产品知识库,public
02_产品知识库/术语与材质/05_产品FAQ.md,02_产品知识库,internal
02_产品知识库/术语与材质/06_刀剪翻译铁律与标准英文表达库.md,02_产品知识库,public
02_产品知识库/术语与材质/刀剪行业术语词典.md,02_产品知识库,internal
02_产品知识库/线上产品全量清单/00_线上产品总览.md,02_产品知识库,confidential
02_产品知识库/线上产品全量清单/剪刀线上产品全量.md,02_产品知识库,confidential
02_产品知识库/线上产品全量清单/厨刀线上产品全量.md,02_产品知识库,confidential
02_产品知识库/线上产品全量清单/厨房用品线上产品全量.md,02_产品知识库,confidential
02_产品知识库/线上产品全量清单/户外刀线上产品全量.md,02_产品知识库,confidential
03_客户开发与CRM/00_客户开发前知识库查询指南.md,03_客户开发与CRM,internal
03_客户开发与CRM/01_客户开发全流程SOP.md,03_客户开发与CRM,internal
03_客户开发与CRM/02_客户分级管理_ABCD.md,03_客户开发与CRM,internal
03_客户开发与CRM/03_客户背景调查SOP与工具.md,03_客户开发与CRM,internal
03_客户开发与CRM/04_大客户开发策略.md,03_客户开发与CRM,internal
03_客户开发与CRM/05_小客户与跨境电商开发策略.md,03_客户开发与CRM,internal
03_客户开发与CRM/06_谈判话术与异议处理.md,03_客户开发与CRM,internal
03_客户开发与CRM/07_客户资料包标准清单.md,03_客户开发与CRM,internal
03_客户开发与CRM/08_实战案例集.md,03_客户开发与CRM,internal
03_客户开发与CRM/09_跨境网络与基础设施SOP.md,03_客户开发与CRM,internal
03_客户开发与CRM/10_客户画像与买家Personas.md,03_客户开发与CRM,internal
03_客户开发与CRM/11_通用客户FAQ.md,03_客户开发与CRM,internal
03_客户开发与CRM/12_产品场景与客户匹配矩阵.md,03_客户开发与CRM,internal
03_客户开发与CRM/13_客户分级管理体系.md,03_客户开发与CRM,internal
03_客户开发与CRM/14_客户跟进记录表模板.md,03_客户开发与CRM,internal
03_客户开发与CRM/15_客户留存与复购策略.md,03_客户开发与CRM,internal
03_客户开发与CRM/16_CRM字段定义与数据规范.md,03_客户开发与CRM,internal
03_客户开发与CRM/17_客户流失预警与挽回.md,03_客户开发与CRM,internal
03_客户开发与CRM/18_询盘管理与转化漏斗.md,03_客户开发与CRM,internal
03_客户开发与CRM/19_外贸客户开发结构化数据底座_V75.md,03_客户开发与CRM,internal
03_客户开发与CRM/WhatsApp与客户留存_2026补充.md,03_客户开发与CRM,internal
03_客户开发与CRM/实战剧本库/01_新客户完整开发链路剧本.md,03_客户开发与CRM,internal
03_客户开发与CRM/实战剧本库/02_客户压价谈判剧本.md,03_客户开发与CRM,internal
03_客户开发与CRM/实战剧本库/03_样品处理与寄样剧本.md,03_客户开发与CRM,internal
03_客户开发与CRM/实战剧本库/04_客户流失挽回剧本.md,03_客户开发与CRM,internal
03_客户开发与CRM/实战剧本库/05_大客户深度开发剧本.md,03_客户开发与CRM,internal
03_客户开发与CRM/实战剧本库/06_小客户快速转化剧本.md,03_客户开发与CRM,internal
03_客户开发与CRM/实战剧本库/07_五国客户开发对话示例.md,03_客户开发与CRM,internal
03_客户开发与CRM/实战剧本库/08_大客户深度开发完整剧本.md,03_客户开发与CRM,internal
03_客户开发与CRM/实战剧本库/09_危机处理剧本.md,03_客户开发与CRM,internal
03_客户开发与CRM/实战剧本库/10_客户挽回与复购剧本.md,03_客户开发与CRM,internal
03_客户开发与CRM/实战剧本库/11_展会客户开发完整剧本.md,03_客户开发与CRM,internal
03_客户开发与CRM/实战剧本库/12_老客户转介绍开发剧本.md,03_客户开发与CRM,internal
03_客户开发与CRM/实战剧本库/13_社媒私信开发剧本.md,03_客户开发与CRM,internal
03_客户开发与CRM/客户常见异议处理话术库.md,03_客户开发与CRM,internal
03_客户开发与CRM/客户开发一键启动包.md,03_客户开发与CRM,internal
03_客户开发与CRM/客户开发最新方法与工具_2026.md,03_客户开发与CRM,internal
03_客户开发与CRM/客户服务全流程SOP.md,03_客户开发与CRM,internal
03_客户开发与CRM/邮件模板/01_首次开发信模板_多场景.md,03_客户开发与CRM,internal
03_客户开发与CRM/邮件模板/02_跟进邮件序列_Day0_3_7_14_21_30.md,03_客户开发与CRM,internal
03_客户开发与CRM/邮件模板/03_询盘回复模板.md,03_客户开发与CRM,internal
03_客户开发与CRM/邮件模板/04_报价与PI模板说明.md,03_客户开发与CRM,internal
03_客户开发与CRM/邮件模板/05_个性化开发信生成Skill.md,03_客户开发与CRM,internal
04_国家地区开发指南/01_北美_美国加拿大.md,04_国家地区开发指南,public
04_国家地区开发指南/02_欧洲_德英法意西荷.md,04_国家地区开发指南,public
04_国家地区开发指南/03_东亚_日韩.md,04_国家地区开发指南,public
04_国家地区开发指南/04_东南亚_新马泰越印尼菲.md,04_国家地区开发指南,public
04_国家地区开发指南/05_中东_阿联酋沙特.md,04_国家地区开发指南,public
04_国家地区开发指南/06_拉美_巴西墨西哥.md,04_国家地区开发指南,public
04_国家地区开发指南/07_俄罗斯与CIS.md,04_国家地区开发指南,public
04_国家地区开发指南/08_澳洲与新西兰.md,04_国家地区开发指南,public
04_国家地区开发指南/09_印度与南亚.md,04_国家地区开发指南,public
04_国家地区开发指南/10_全球时区与最佳联系时间速查表.md,04_国家地区开发指南,public
04_国家地区开发指南/11_其他重要市场补充.md,04_国家地区开发指南,public
04_国家地区开发指南/东亚/44_香港.md,04_国家地区开发指南,public
04_国家地区开发指南/东南亚/22_越南.md,04_国家地区开发指南,public
04_国家地区开发指南/东南亚/23_泰国.md,04_国家地区开发指南,public
04_国家地区开发指南/东南亚/24_马来西亚.md,04_国家地区开发指南,public
04_国家地区开发指南/东南亚/25_印度尼西亚.md,04_国家地区开发指南,public
04_国家地区开发指南/东南亚/26_菲律宾.md,04_国家地区开发指南,public
04_国家地区开发指南/东南亚/42_新加坡.md,04_国家地区开发指南,public
04_国家地区开发指南/东南亚/61_柬埔寨.md,04_国家地区开发指南,public
04_国家地区开发指南/中东/14_以色列.md,04_国家地区开发指南,public
04_国家地区开发指南/中东/43_阿联酋.md,04_国家地区开发指南,public
04_国家地区开发指南/中东/45_沙特阿拉伯.md,04_国家地区开发指南,public
04_国家地区开发指南/中东/47_卡塔尔.md,04_国家地区开发指南,public
04_国家地区开发指南/中东/54_约旦.md,04_国家地区开发指南,public
04_国家地区开发指南/中东/56_科威特.md,04_国家地区开发指南,public
04_国家地区开发指南/中东/57_黎巴嫩.md,04_国家地区开发指南,public
04_国家地区开发指南/中东/62_阿曼.md,04_国家地区开发指南,public
04_国家地区开发指南/南亚/27_印度.md,04_国家地区开发指南,public
04_国家地区开发指南/南亚/28_巴基斯坦.md,04_国家地区开发指南,public
04_国家地区开发指南/南亚/46_孟加拉国.md,04_国家地区开发指南,public
04_国家地区开发指南/南亚/51_斯里兰卡.md,04_国家地区开发指南,public
04_国家地区开发指南/户外刀法规专项/11_户外刀各国进口法规专项.md,04_国家地区开发指南,public
04_国家地区开发指南/户外刀法规专项/各国刀具进口管制汇总_2026.md,04_国家地区开发指南,public
04_国家地区开发指南/拉美/12_墨西哥.md,04_国家地区开发指南,public
04_国家地区开发指南/拉美/13_巴西.md,04_国家地区开发指南,public
04_国家地区开发指南/拉美/17_智利.md,04_国家地区开发指南,public
04_国家地区开发指南/拉美/18_哥伦比亚.md,04_国家地区开发指南,public
04_国家地区开发指南/拉美/36_秘鲁.md,04_国家地区开发指南,public
04_国家地区开发指南/拉美/41_乌拉圭.md,04_国家地区开发指南,public
04_国家地区开发指南/拉美/49_厄瓜多尔.md,04_国家地区开发指南,public
04_国家地区开发指南/拉美/52_巴拿马.md,04_国家地区开发指南,public
04_国家地区开发指南/拉美/53_哥斯达黎加.md,04_国家地区开发指南,public
04_国家地区开发指南/拉美/60_玻利维亚.md,04_国家地区开发指南,public
04_国家地区开发指南/拉美/64_洪都拉斯.md,04_国家地区开发指南,public
04_国家地区开发指南/欧洲/16_比利时.md,04_国家地区开发指南,public
04_国家地区开发指南/欧洲/20_奥地利.md,04_国家地区开发指南,public
04_国家地区开发指南/欧洲/29_波兰.md,04_国家地区开发指南,public
04_国家地区开发指南/欧洲/30_瑞典.md,04_国家地区开发指南,public
04_国家地区开发指南/欧洲/31_罗马尼亚.md,04_国家地区开发指南,public
04_国家地区开发指南/欧洲/34_匈牙利.md,04_国家地区开发指南,public
04_国家地区开发指南/欧洲/35_捷克.md,04_国家地区开发指南,public
04_国家地区开发指南/欧洲/37_葡萄牙.md,04_国家地区开发指南,public
04_国家地区开发指南/欧洲/38_希腊.md,04_国家地区开发指南,public
04_国家地区开发指南/欧洲/48_克罗地亚.md,04_国家地区开发指南,public
04_国家地区开发指南/欧洲/59_爱沙尼亚.md,04_国家地区开发指南,public
04_国家地区开发指南/欧洲/63_塞浦路斯.md,04_国家地区开发指南,public
04_国家地区开发指南/非洲/15_尼日利亚.md,04_国家地区开发指南,public
04_国家地区开发指南/非洲/21_肯尼亚.md,04_国家地区开发指南,public
04_国家地区开发指南/非洲/32_埃及.md,04_国家地区开发指南,public
04_国家地区开发指南/非洲/33_摩洛哥.md,04_国家地区开发指南,public
04_国家地区开发指南/非洲/39_阿尔及利亚.md,04_国家地区开发指南,public
04_国家地区开发指南/非洲/40_加纳.md,04_国家地区开发指南,public
04_国家地区开发指南/非洲/50_坦桑尼亚.md,04_国家地区开发指南,public
04_国家地区开发指南/非洲/55_突尼斯.md,04_国家地区开发指南,public
04_国家地区开发指南/非洲/58_科特迪瓦.md,04_国家地区开发指南,public
05_独立站与SEO/01_网站架构与技术栈.md,05_独立站与SEO,internal
05_独立站与SEO/02_CSS设计规范.md,05_独立站与SEO,public
05_独立站与SEO/06_DMARC邮件认证状态.md,05_独立站与SEO,internal
05_独立站与SEO/07_网站页面清单与结构.md,05_独立站与SEO,public
05_独立站与SEO/08_独立站技术运维SOP.md,05_独立站与SEO,internal
05_独立站与SEO/09_网站用户体验与转化率优化CRO.md,05_独立站与SEO,internal
05_独立站与SEO/10_网站性能优化与Core Web Vitals.md,05_独立站与SEO,internal
05_独立站与SEO/11_询盘表单优化与线索管理.md,05_独立站与SEO,internal
05_独立站与SEO/12_Google Analytics与数据追踪.md,05_独立站与SEO,internal
05_独立站与SEO/9.19独立站备份内容提取.md,05_独立站与SEO,internal
05_独立站与SEO/AI客服工具与新兴渠道_2026补充.md,05_独立站与SEO,confidential
05_独立站与SEO/SEO修复方案/00_SEO修复执行总览.md,05_独立站与SEO,confidential
05_独立站与SEO/SEO修复方案/Schema.org结构化数据方案.md,05_独立站与SEO,public
05_独立站与SEO/SEO修复方案/WooCommerce页面修复方案.md,05_独立站与SEO,public
05_独立站与SEO/SEO修复方案/产品SEO元数据表.md,05_独立站与SEO,confidential
05_独立站与SEO/SEO修复方案/博客SEO元数据表.md,05_独立站与SEO,public
05_独立站与SEO/SEO修复方案/页面SEO元数据表.md,05_独立站与SEO,internal
05_独立站与SEO/SEO内容规划.md,05_独立站与SEO,internal
05_独立站与SEO/SEO规范/01_RankMath_SEO配置规范.md,05_独立站与SEO,public
05_独立站与SEO/SEO规范/02_SEO关键词库.md,05_独立站与SEO,internal
05_独立站与SEO/SEO规范/03_图片SEO命名规范.md,05_独立站与SEO,internal
05_独立站与SEO/SEO规范/04_商品上架SOP.md,05_独立站与SEO,internal
05_独立站与SEO/Stage2补充提取_v5.4.md,05_独立站与SEO,internal
05_独立站与SEO/博客内容/01_博客生成SOP.md,05_独立站与SEO,internal
05_独立站与SEO/博客内容/02_博客选题与标题库.md,05_独立站与SEO,public
05_独立站与SEO/独立站SEO元数据汇总.md,05_独立站与SEO,public
05_独立站与SEO/独立站SEO执行清单.md,05_独立站与SEO,internal
05_独立站与SEO/独立站SEO最新算法与策略_2026.md,05_独立站与SEO,public
05_独立站与SEO/独立站产品数据汇总.md,05_独立站与SEO,confidential
05_独立站与SEO/独立站代码级优化指南.md,05_独立站与SEO,public
05_独立站与SEO/独立站插件与技术栈配置.md,05_独立站与SEO,internal
05_独立站与SEO/独立站运营新工具与方法_2026Q3.md,05_独立站与SEO,confidential
05_独立站与SEO/独立站页面内容库.md,05_独立站与SEO,public
05_独立站与SEO/页面文案/01_首页核心文案.md,05_独立站与SEO,public
05_独立站与SEO/页面文案/02_AboutUs页面文案.md,05_独立站与SEO,public
05_独立站与SEO/页面文案/03_OEM_ODM页面文案.md,05_独立站与SEO,public
05_独立站与SEO/页面文案/04_质量与认证页面文案.md,05_独立站与SEO,public
05_独立站与SEO/页面文案/05_出口服务页面文案.md,05_独立站与SEO,public
05_独立站与SEO/页面文案/06_买家画像与服务页面文案.md,05_独立站与SEO,public
06_海外仓与订单物流/01_海外仓战略与模式.md,06_海外仓与订单物流,internal
06_海外仓与订单物流/02_美国仓现货体系.md,06_海外仓与订单物流,internal
06_海外仓与订单物流/03_物流路线与报价.md,06_海外仓与订单物流,internal
06_海外仓与订单物流/04_付款条款与方式.md,06_海外仓与订单物流,internal
06_海外仓与订单物流/05_出口流程与单证.md,06_海外仓与订单物流,internal
06_海外仓与订单物流/06_售后与索赔流程.md,06_海外仓与订单物流,internal
06_海外仓与订单物流/07_售后服务与质保体系.md,06_海外仓与订单物流,internal
06_海外仓与订单物流/08_美国仓现货SKU库存清单.md,06_海外仓与订单物流,internal
06_海外仓与订单物流/09_美国仓选址与布局逻辑.md,06_海外仓与订单物流,internal
06_海外仓与订单物流/10_海外仓操作流程SOP.md,06_海外仓与订单物流,internal
06_海外仓与订单物流/11_尾程渠道对比.md,06_海外仓与订单物流,internal
06_海外仓与订单物流/12_库存周转与滞销品处理.md,06_海外仓与订单物流,internal
06_海外仓与订单物流/13_海外仓库存管理实操.md,06_海外仓与订单物流,internal
06_海外仓与订单物流/14_海外仓成本核算与优化.md,06_海外仓与订单物流,internal
06_海外仓与订单物流/15_美国三仓运营对比与协同.md,06_海外仓与订单物流,internal
06_海外仓与订单物流/16_海外仓退货处理与FBA协同.md,06_海外仓与订单物流,internal
07_营销与社媒/01_海外社媒运营总策略.md,07_营销与社媒,public
07_营销与社媒/02_TikTok运营指南.md,07_营销与社媒,confidential
07_营销与社媒/03_YouTube运营指南.md,07_营销与社媒,confidential
07_营销与社媒/04_Instagram运营指南.md,07_营销与社媒,public
07_营销与社媒/05_Facebook运营与广告.md,07_营销与社媒,confidential
07_营销与社媒/06_LinkedIn_B2B运营.md,07_营销与社媒,public
07_营销与社媒/09_内容日历与选题库.md,07_营销与社媒,confidential
07_营销与社媒/主页设置规范/01_各平台主页填写标准.md,07_营销与社媒,internal
07_营销与社媒/主页设置规范/02_四品类主页填写卡.md,07_营销与社媒,internal
07_营销与社媒/主页设置规范/03_Banner与首屏视觉规范.md,07_营销与社媒,internal
07_营销与社媒/亚马逊运营知识库/01_亚马逊蓝海产品调研方法论.md,07_营销与社媒,confidential
07_营销与社媒/亚马逊运营知识库/02_亚马逊关键词研究与资产库.md,07_营销与社媒,public
07_营销与社媒/亚马逊运营知识库/03_亚马逊Listing优化全流程.md,07_营销与社媒,confidential
07_营销与社媒/亚马逊运营知识库/04_亚马逊广告策略与调优.md,07_营销与社媒,confidential
07_营销与社媒/亚马逊运营知识库/05_亚马逊VOC消费者洞察.md,07_营销与社媒,confidential
07_营销与社媒/亚马逊运营知识库/06_亚马逊竞品调研方法.md,07_营销与社媒,confidential
07_营销与社媒/亚马逊运营知识库/07_亚马逊运营证据库与数据管理.md,07_营销与社媒,public
07_营销与社媒/亚马逊运营知识库/08_亚马逊AI工具与Skill使用指南.md,07_营销与社媒,public
07_营销与社媒/亚马逊运营知识库/09_亚马逊政策与算法更新_2025-2026.md,07_营销与社媒,confidential
07_营销与社媒/亚马逊运营知识库/10_刀剪品类亚马逊市场分析_2026.md,07_营销与社媒,confidential
07_营销与社媒/亚马逊运营知识库/11_跨境电商趋势与工具_2026.md,07_营销与社媒,confidential
07_营销与社媒/全年季节性营销日历.md,07_营销与社媒,public
07_营销与社媒/内容营销素材库/01_博客文章选题库.md,07_营销与社媒,public
07_营销与社媒/内容营销素材库/02_社交媒体文案模板库.md,07_营销与社媒,confidential
07_营销与社媒/内容营销素材库/03_产品描述模板库.md,07_营销与社媒,confidential
07_营销与社媒/内容营销素材库/04_邮件营销素材库.md,07_营销与社媒,public
07_营销与社媒/内容营销素材库/05_内容日历与发布节奏.md,07_营销与社媒,internal
07_营销与社媒/各国节日与营销问候时机.md,07_营销与社媒,public
07_营销与社媒/多语言基础文案库.md,07_营销与社媒,confidential
07_营销与社媒/平台运营全案/01_TikTok运营全案.md,07_营销与社媒,internal
07_营销与社媒/平台运营全案/02_YouTube运营全案.md,07_营销与社媒,public
07_营销与社媒/平台运营全案/03_Facebook运营全案.md,07_营销与社媒,confidential
07_营销与社媒/平台运营全案/04_Instagram运营全案.md,07_营销与社媒,public
07_营销与社媒/平台运营全案/05_LinkedIn运营全案.md,07_营销与社媒,public
07_营销与社媒/平台运营全案/06_WhatsApp与Messenger运营.md,07_营销与社媒,public
07_营销与社媒/平台运营全案/07_Pinterest及其他平台.md,07_营销与社媒,public
07_营销与社媒/平台运营全案/08_七平台主页规格速查与Bio模板_9.25版.md,07_营销与社媒,public
07_营销与社媒/执行与防封/01_养号与防封总策略.md,07_营销与社媒,internal
07_营销与社媒/执行与防封/02_刀具内容合规红线.md,07_营销与社媒,internal
07_营销与社媒/执行与防封/03_第一周7天执行清单.md,07_营销与社媒,internal
07_营销与社媒/执行与防封/04_八平台合规手册_刀具品类.md,07_营销与社媒,internal
07_营销与社媒/执行与防封/05_五平台邮箱与消息防封细则_9.25深度版.md,07_营销与社媒,internal
07_营销与社媒/执行与防封/07_邮件营销与多账号防封禁.md,07_营销与社媒,internal
07_营销与社媒/执行与防封/社媒内容日历执行版.md,07_营销与社媒,internal
07_营销与社媒/数字广告投放/01_Google_Ads投放指南.md,07_营销与社媒,confidential
07_营销与社媒/数字广告投放/02_Meta_Ads投放指南.md,07_营销与社媒,confidential
07_营销与社媒/数字广告投放/03_TikTok_Ads投放指南.md,07_营销与社媒,confidential
07_营销与社媒/数字广告投放/04_LinkedIn_Ads投放指南.md,07_营销与社媒,confidential
07_营销与社媒/数字广告投放/05_广告预算分配与ROI测算.md,07_营销与社媒,internal
07_营销与社媒/社交媒体运营SOP.md,07_营销与社媒,internal
07_营销与社媒/社媒矩阵总控/01_社媒矩阵总控策略.md,07_营销与社媒,internal
07_营销与社媒/社媒矩阵总控/02_账号命名与身份体系.md,07_营销与社媒,internal
07_营销与社媒/社媒矩阵总控/03_48账号矩阵清单.md,07_营销与社媒,internal
07_营销与社媒/社媒矩阵总控/04_六版深度整合执行总册.md,07_营销与社媒,internal
07_营销与社媒/网红营销/刀具品类网红资源地图.md,07_营销与社媒,confidential
07_营销与社媒/网红营销/海外网红营销指南.md,07_营销与社媒,confidential
07_营销与社媒/网红营销/联盟营销指南.md,07_营销与社媒,confidential
07_营销与社媒/视觉资产库/01_产品图片资产总索引.md,07_营销与社媒,internal
07_营销与社媒/视觉资产库/02_厨房刀图片描述库.md,07_营销与社媒,internal
07_营销与社媒/视觉资产库/03_剪刀图片描述库.md,07_营销与社媒,public
07_营销与社媒/视觉资产库/04_户外刀图片描述库.md,07_营销与社媒,internal
07_营销与社媒/视觉资产库/05_厨房用品图片描述库.md,07_营销与社媒,public
07_营销与社媒/视觉资产库/06_品牌与页面视觉资产.md,07_营销与社媒,public
07_营销与社媒/视觉资产库/07_工厂宣传片拍摄方法论_V2.0.md,07_营销与社媒,public
07_营销与社媒/视觉资产库/08_品牌视觉资产索引.md,07_营销与社媒,public
07_营销与社媒/跨境电商平台运营/01_Amazon卖家运营指南.md,07_营销与社媒,confidential
07_营销与社媒/跨境电商平台运营/02_eBay运营指南.md,07_营销与社媒,confidential
07_营销与社媒/跨境电商平台运营/03_Walmart_Marketplace运营指南.md,07_营销与社媒,internal
07_营销与社媒/跨境电商平台运营/04_各平台刀具类目政策对比.md,07_营销与社媒,internal
07_营销与社媒/跨境电商平台运营/05_多平台库存同步与订单管理.md,07_营销与社媒,internal
07_营销与社媒/跨境电商平台运营/06_平台选择与入驻决策.md,07_营销与社媒,confidential
08_AI工作流与工具/01_全局AI指令_核心规则摘要.md,08_AI工作流与工具,internal
08_AI工作流与工具/02_AI工作台体系说明.md,08_AI工作流与工具,internal
08_AI工作流与工具/03_锴利超级AI工作台_v2.13.md,08_AI工作流与工具,internal
08_AI工作流与工具/04_企业CRM工作台_GoodJob.md,08_AI工作流与工具,internal
08_AI工作流与工具/05_AI工具选型与协作矩阵.md,08_AI工作流与工具,internal
08_AI工作流与工具/06_工作台部署运维手册_V75.1_v2.13.1.md,08_AI工作流与工具,internal
08_AI工作流与工具/AI工作台搭建与运维指南.md,08_AI工作流与工具,internal
08_AI工作流与工具/AI提示词库/01_客户开发提示词.md,08_AI工作流与工具,internal
08_AI工作流与工具/AI提示词库/02_产品描述提示词.md,08_AI工作流与工具,internal
08_AI工作流与工具/AI提示词库/03_社媒文案提示词.md,08_AI工作流与工具,internal
08_AI工作流与工具/AI提示词库/04_SEO内容提示词.md,08_AI工作流与工具,internal
08_AI工作流与工具/AI提示词库/05_邮件营销提示词.md,08_AI工作流与工具,internal
08_AI工作流与工具/AI提示词库/06_翻译与本地化提示词.md,08_AI工作流与工具,internal
08_AI工作流与工具/AI提示词库/07_视频矩阵工作流.md,08_AI工作流与工具,internal
08_AI工作流与工具/AI提示词库/08_KaiLionCrafts图片SEO命名Skill_提示词模板.md,08_AI工作流与工具,internal
08_AI工作流与工具/AI提示词库/外贸业务AI提示词库_实战版.md,08_AI工作流与工具,internal
08_AI工作流与工具/Codex与Cursor/01_Codex技能库总览.md,08_AI工作流与工具,internal
08_AI工作流与工具/Codex与Cursor/02_Cursor使用规范.md,08_AI工作流与工具,internal
08_AI工作流与工具/Codex与Cursor/03_AI作图工作流.md,08_AI工作流与工具,internal
08_AI工作流与工具/Codex与Cursor/04_视频自动剪辑工作流.md,08_AI工作流与工具,internal
08_AI工作流与工具/Codex与Cursor/05_爆款反推工作台.md,08_AI工作流与工具,internal
08_AI工作流与工具/Cursor与Codex外贸工作流.md,08_AI工作流与工具,internal
08_AI工作流与工具/Dify工作流/01_Dify工作流总览.md,08_AI工作流与工具,internal
08_AI工作流与工具/Dify工作流/02_Dify翻译工作流配置说明.md,08_AI工作流与工具,internal
08_AI工作流与工具/Dify工作流/03_Dify问答工作流配置说明.md,08_AI工作流与工具,internal
08_AI工作流与工具/Dify工作流/04_Dify节点配置与数据集详解.md,08_AI工作流与工具,internal
08_AI工作流与工具/Dify知识库RAG配置实操.md,08_AI工作流与工具,internal
09_行业知识与培训/01_阳江刀剪产业概况.md,09_行业知识与培训,public
09_行业知识与培训/02_五金刀剪制造工艺.md,09_行业知识与培训,public
09_行业知识与培训/03_行业趋势与数字化转型.md,09_行业知识与培训,public
09_行业知识与培训/04_外贸从0到1实操指南.md,09_行业知识与培训,public
09_行业知识与培训/05_获客渠道与工具.md,09_行业知识与培训,public
09_行业知识与培训/06_培训课程体系.md,09_行业知识与培训,public
09_行业知识与培训/07_协会讲座核心内容.md,09_行业知识与培训,public
09_行业知识与培训/08_阳江刀剪制造工艺详解.md,09_行业知识与培训,public
09_行业知识与培训/09_社媒实操方法论_洗码与广告.md,09_行业知识与培训,public
09_行业知识与培训/10_培训课程六大模块实操详情.md,09_行业知识与培训,public
09_行业知识与培训/11_全球刀剪市场分析.md,09_行业知识与培训,internal
09_行业知识与培训/12_竞争对手分析.md,09_行业知识与培训,internal
09_行业知识与培训/13_外贸新手入门指南.md,09_行业知识与培训,public
09_行业知识与培训/14_刀剪产品专业知识培训.md,09_行业知识与培训,public
09_行业知识与培训/15_B2B谈判技巧与异议处理.md,09_行业知识与培训,public
09_行业知识与培训/17_五章实战培训课程全案.md,09_行业知识与培训,public
09_行业知识与培训/刀剪行业标准与法规汇总.md,09_行业知识与培训,public
09_行业知识与培训/协会课程/00_协会课程知识点总览.md,09_行业知识与培训,internal
09_行业知识与培训/协会课程/01_第一章_跨境网络基础设施.md,09_行业知识与培训,internal
09_行业知识与培训/协会课程/02_第二章_AI赋能五金刀剪.md,09_行业知识与培训,internal
09_行业知识与培训/协会课程/03_第三章_独立站与SEO实战.md,09_行业知识与培训,internal
09_行业知识与培训/协会课程/04_第四章_本地供应链拍摄剪辑.md,09_行业知识与培训,internal
09_行业知识与培训/协会课程/05_第五章_海外社媒运营矩阵.md,09_行业知识与培训,internal
09_行业知识与培训/协会课程/06_第四五章复稿差异补充.md,09_行业知识与培训,internal
09_行业知识与培训/协会课程/07_课件数据溯源表.md,09_行业知识与培训,internal
09_行业知识与培训/团队培训课程体系.md,09_行业知识与培训,public
09_行业知识与培训/外贸B2B最新趋势与最佳实践_2026.md,09_行业知识与培训,public
09_行业知识与培训/外贸全流程知识链.md,09_行业知识与培训,public
09_行业知识与培训/外贸关税政策与汇率走势_2026H2补充.md,09_行业知识与培训,public
09_行业知识与培训/外贸最新政策与趋势_2026Q3补充.md,09_行业知识与培训,public
09_行业知识与培训/展会参展全流程指南.md,09_行业知识与培训,public
09_行业知识与培训/竞争对手深度档案/01_Dalstrong深度档案.md,09_行业知识与培训,internal
09_行业知识与培训/竞争对手深度档案/02_拓必拓TUO深度档案.md,09_行业知识与培训,internal
09_行业知识与培训/竞争对手深度档案/03_信作XINZUO深度档案.md,09_行业知识与培训,internal
09_行业知识与培训/竞争对手监控体系.md,09_行业知识与培训,internal
10_项目路演与政府材料/01_创业比赛路演汇总.md,10_项目路演与政府材料,public
10_项目路演与政府材料/01_项目计划书核心内容.md,10_项目路演与政府材料,public
10_项目路演与政府材料/02_创业大赛与荣誉.md,10_项目路演与政府材料,public
10_项目路演与政府材料/02_政府政策与项目申报.md,10_项目路演与政府材料,public
10_项目路演与政府材料/03_协会活动与行业发声.md,10_项目路演与政府材料,public
10_项目路演与政府材料/03_政府建议书与政策参与.md,10_项目路演与政府材料,public
10_项目路演与政府材料/04_媒体报道与品牌背书.md,10_项目路演与政府材料,public
10_项目路演与政府材料/04_社会效益与产业链升级.md,10_项目路演与政府材料,public
10_项目路演与政府材料/05_社会效益与乡村振兴.md,10_项目路演与政府材料,public
10_项目路演与政府材料/06_路演演讲稿与金句库.md,10_项目路演与政府材料,public
10_项目路演与政府材料/07_项目申报材料模板.md,10_项目路演与政府材料,public
10_项目路演与政府材料/08_政府对接资源清单.md,10_项目路演与政府材料,internal
10_项目路演与政府材料/09_路演PPT制作与演讲指南.md,10_项目路演与政府材料,public
10_项目路演与政府材料/10_政府项目申报材料模板.md,10_项目路演与政府材料,public
10_项目路演与政府材料/11_媒体采访与公关应对指南.md,10_项目路演与政府材料,public
10_项目路演与政府材料/12_协会活动与行业发声指南.md,10_项目路演与政府材料,public
10_项目路演与政府材料/原始资料索引/协会PPT目录中混入的路演PPT索引.md,10_项目路演与政府材料,internal
11_订单与财务/01_订单处理全流程.md,11_订单与财务,internal
11_订单与财务/02_订单财务中心方案.md,11_订单与财务,confidential
11_订单与财务/03_禁止反跳单协议.md,11_订单与财务,confidential
11_订单与财务/04_报价体系与价格策略.md,11_订单与财务,internal
11_订单与财务/05_付款条款详解.md,11_订单与财务,internal
11_订单与财务/06_订单全流程SOP.md,11_订单与财务,internal
11_订单与财务/07_PI形式发票模板.md,11_订单与财务,internal
11_订单与财务/08_销售合同模板.md,11_订单与财务,confidential
11_订单与财务/09_出口报关与退税流程.md,11_订单与财务,internal
11_订单与财务/10_物流费用结构与渠道对比.md,11_订单与财务,internal
11_订单与财务/11_汇率风险管理.md,11_订单与财务,internal
11_订单与财务/供应链金融与贸易融资.md,11_订单与财务,internal
11_订单与财务/利润分析与定价模型.md,11_订单与财务,confidential
11_订单与财务/各国报价习惯与议价文化.md,11_订单与财务,internal
11_订单与财务/外贸单证模板库/01_商业发票Commercial_Invoice模板.md,11_订单与财务,internal
11_订单与财务/外贸单证模板库/02_装箱单Packing_List模板.md,11_订单与财务,internal
11_订单与财务/外贸单证模板库/03_提单Bill_of_Lading确认模板.md,11_订单与财务,internal
11_订单与财务/外贸单证模板库/04_原产地证Certificate_of_Origin模板.md,11_订单与财务,internal
11_订单与财务/外贸单证模板库/05_信用证L_C审核要点与模板.md,11_订单与财务,internal
11_订单与财务/外贸单证模板库/06_保险单Insurance_Policy模板.md,11_订单与财务,internal
11_订单与财务/外贸单证模板库/07_检验证书Inspection_Certificate模板.md,11_订单与财务,internal
11_订单与财务/外贸单证模板库/08_报关单要素与模板.md,11_订单与财务,internal
11_订单与财务/报价与付款条款确认版口径.md,11_订单与财务,internal
11_订单与财务/报价计算实操手册.md,11_订单与财务,internal
11_订单与财务/汇率风险管理实操.md,11_订单与财务,internal
13_外部知识层/00_外部知识缺口分析.md,13_外部知识层,internal
13_外部知识层/01_刀具跨境物流限制与承运商政策.md,13_外部知识层,public
13_外部知识层/01_联网搜索计划.md,13_外部知识层,internal
13_外部知识层/02_刀剪HS编码归类与关税指南.md,13_外部知识层,public
13_外部知识层/03_阳江刀剪出口数据_2023-2025.md,13_外部知识层,public
13_外部知识层/04_户外刀具各国法规权威来源汇编.md,13_外部知识层,internal
13_外部知识层/04b_户外刀具各国法规_公开合规版.md,13_外部知识层,public
13_外部知识层/05_内外冲突清单_v6.0阶段2.md,13_外部知识层,internal
13_外部知识层/06_独立站户外刀页面敏感词清单.md,13_外部知识层,internal
13_外部知识层/07_管制刀型疑似SKU清单.md,13_外部知识层,confidential
13_外部知识层/08_刀剪专业知识深度素材.md,13_外部知识层,public
13_外部知识层/09_刀剪买家问题与长尾关键词.md,13_外部知识层,public
13_外部知识层/10_内容选题库_搜索意图优先级.md,13_外部知识层,internal
13_外部知识层/11_主要竞品品牌分析.md,13_外部知识层,internal
13_外部知识层/12_刀剪品类价格带与评论痛点.md,13_外部知识层,internal
13_外部知识层/12b_刀剪品类价格带趋势_公开版.md,13_外部知识层,public
13_外部知识层/13_竞品官网结构与转化手法分析.md,13_外部知识层,internal
13_外部知识层/对外模板敏感词检查清单.md,13_外部知识层,internal
13_外部知识层/户外刀敏感词改前改后对照表.md,13_外部知识层,internal
99_原始资料索引与映射/01_知识库文件全清单.md,99_原始资料索引与映射,internal
99_原始资料索引与映射/02_原始资料→知识库映射表.md,99_原始资料索引与映射,internal
99_原始资料索引与映射/03_敏感信息与待补充清单.md,99_原始资料索引与映射,internal
99_归档/2026-09-28_16_展会参展指南.md,99_归档,public
知识库完整框架说明.md,(root),public
