类别,指标,v7.1原表述,v7.1.1修正,说明
SKU状态,候选SKU总数,181,181,候选总数=XLSX有知识库无的全量清单（不变）
SKU状态,已正式入库,20,20,v7.0 Step4C试点入库（不变）
SKU状态,剩余待入库,未明确（多处误写为"181个待入库"）,161,181-20=161；此为候选池口径
SKU状态,READY（可直接入库）,161（原状态表误写）,141,161-13管制-6仿牌-1 INCOMPLETE=141
SKU状态,REGULATED管制,13,13,卡兰比/弹簧刀/OTF，仅登记不入库（不变）
SKU状态,PRIVATE_LABEL_RISK仿牌,6,6,Gerber/SOG/Microtech/Strider，仅登记（不变）
SKU状态,INCOMPLETE缺字段,1,1,KL-KN-SS-008待补资料（不变）
SKU状态,合计（候选）,181,181,20已入+141 READY+13管制+6仿牌+1 INCOMPLETE=181（校验一致）
文件总量,全部文件数,569,569,v7.1冻结时internal_full备份含577文件（含6个交付说明），内容层569（不变）
文件总量,Markdown,550,556,内容层550 + v7.1交付说明6 = 556（v7.1原口径已注明）
敏感等级,public,186,186,对外AI可读（不变）
敏感等级,internal,290,296,内容层290 + v7.1交付说明6 = 296（v7.1原口径已注明）
敏感等级,confidential,74,74,价格/成本/供应商真名（不变）
敏感等级,缺标签文件,0,0,v7.1已全部补标（不变）
外部来源等级,S,2,2,政府/法规（不变）
外部来源等级,A,4,4,权威来源（不变）
外部来源等级,A/B,1,1,（不变）
外部来源等级,B,3,3,社区来源（不变）
备份,public_safe,186文件/0.90MB,186文件/0.90MB,不含confidential（不变）
备份,internal_full,577文件/3.36MB,577文件/3.36MB,含全部文件（不变）
口径修正,"181个待入库SKU","多处文件直接使用"，统一为,"161个剩余待入库SKU（候选总数181，已入库20）",181是候选总数不是待入库数
口径修正,"READY=161","05_待入库SKU清单状态表"，修正为,"READY=141",161为剩余总数；实际READY需剔除20个非READY项
冻结状态,v7.1基线,未冻结,已冻结,除事实错误/安全泄露/死链接/索引不一致外不得修改
