SKU编号,品类,中文名称,当前状态,建议批次,入库前提条件,备注
KL-KA-BBQ-005,厨房用品,不锈钢方形烧烤夹网带长柄烤架,READY,第5批,READY：字段齐全，可直接启动入库流程,
KL-KA-BBQ-006,厨房用品,不锈钢四叉烤肉叉烧烤工具,READY,第5批,READY：字段齐全，可直接启动入库流程,
KL-KA-BBQ-008,厨房用品,不锈钢圆形烧烤网架带手柄,READY,第5批,READY：字段齐全，可直接启动入库流程,
KL-KA-BBQ-009,厨房用品,不锈钢木柄锯齿烧烤肉叉,READY,第5批,READY：字段齐全，可直接启动入库流程,
KL-KA-BBQ-010,厨房用品,不锈钢烧烤夹网木柄两用烤篮,READY,第5批,READY：字段齐全，可直接启动入库流程,
KL-KA-BBQ-011,厨房用品,铸铁双耳披萨烤盘平底煎锅,READY,第5批,READY：字段齐全，可直接启动入库流程,
KL-KA-CU-004,厨房用品,硅胶木柄炒菜铲厨具,READY,第5批,READY：字段齐全，可直接启动入库流程,
KL-KA-GAD-003,厨房用品,金色长柄不锈钢冰淇淋咖啡搅拌勺,READY,第5批,READY：字段齐全，可直接启动入库流程,
KL-KA-GAD-004,厨房用品,316不锈钢压力锅高压锅家用多功能,READY,第5批,READY：字段齐全，可直接启动入库流程,
KL-KA-GAD-005,厨房用品,奶油黄不锈钢高压锅多功能压力锅,READY,第5批,READY：字段齐全，可直接启动入库流程,
KL-KA-GAD-008,厨房用品,不锈钢意面捞面勺厨房专用,READY,第5批,READY：字段齐全，可直接启动入库流程,
KL-KA-GAD-009,厨房用品,硅胶柄不锈钢打蛋器厨房手动搅拌器,READY,第5批,READY：字段齐全，可直接启动入库流程,
KL-KA-GAD-010,厨房用品,不锈钢细网双件套厨房过滤漏网,READY,第5批,READY：字段齐全，可直接启动入库流程,
KL-KA-GAD-011,厨房用品,透明亚克力沙拉甩干器旋转脱水篮,READY,第5批,READY：字段齐全，可直接启动入库流程,
KL-KA-GAD-012,厨房用品,不锈钢木柄蛋糕抹刀烘焙刮刀,READY,第5批,READY：字段齐全，可直接启动入库流程,
KL-KA-GAD-013,厨房用品,不锈钢多功能开瓶器带开罐器米白色,READY,第5批,READY：字段齐全，可直接启动入库流程,
KL-KA-GAD-014,厨房用品,不锈钢开罐器带防滑条纹米色握柄,READY,第5批,READY：字段齐全，可直接启动入库流程,
KL-KA-GAD-015,厨房用品,花岗岩纹不粘可丽饼煎饼平底锅含木柄推刀,READY,第5批,READY：字段齐全，可直接启动入库流程,
KL-KA-GAD-016,厨房用品,不锈钢滚轮披萨刀米白色塑柄,READY,第5批,READY：字段齐全，可直接启动入库流程,
KL-KA-GAD-017,厨房用品,不锈钢双面嫩肉锤厨房松肉器,READY,第5批,READY：字段齐全，可直接启动入库流程,
KL-KA-GAD-018,厨房用品,不锈钢奶酪刀镂空刀身塑料柄,READY,第6批,READY：字段齐全，可直接启动入库流程,
KL-KA-GAD-019,厨房用品,不锈钢冰淇淋勺带防滑纹理手柄,READY,第6批,READY：字段齐全，可直接启动入库流程,
KL-KA-GAD-021,厨房用品,竹柄硅胶漏勺镂花厨房捞勺,READY,第6批,READY：字段齐全，可直接启动入库流程,
KL-KA-GAD-022,厨房用品,硅胶木柄打孔沥水饭铲锅铲,READY,第6批,READY：字段齐全，可直接启动入库流程,
KL-KA-GAD-023,厨房用品,天然木质沙拉叉勺厨房搅拌餐具,READY,第6批,READY：字段齐全，可直接启动入库流程,
KL-KA-GAD-024,厨房用品,天然木质意面分量勺锯齿镂空意大利面叉,READY,第6批,READY：字段齐全，可直接启动入库流程,
KL-KA-GAD-025,厨房用品,天然木质镂空槽孔煎铲翻炒铲,READY,第6批,READY：字段齐全，可直接启动入库流程,
KL-KA-GAD-027,厨房用品,不锈钢细密网眼手柄过滤筛,READY,第6批,READY：字段齐全，可直接启动入库流程,
KL-KA-GAD-028,厨房用品,不锈钢细网漏勺蜘蛛捞勺厨用,READY,第6批,READY：字段齐全，可直接启动入库流程,
KL-KA-GAD-029,厨房用品,四格不粘煎蛋锅多功能分隔煎锅,READY,第6批,READY：字段齐全，可直接启动入库流程,
KL-KA-GP-001,厨房用品,不锈钢压蒜器奶白色防滑手柄,READY,第6批,READY：字段齐全，可直接启动入库流程,
KL-KA-PL-004,厨房用品,不锈钢宽刃削皮刀米白色防滑柄,READY,第6批,READY：字段齐全，可直接启动入库流程,
KL-KA-SL-001,厨房用品,多功能不锈钢切菜器带储物盒套装,READY,第6批,READY：字段齐全，可直接启动入库流程,
KL-KA-STO-002,厨房用品,黑色塑料透明盖黄油收纳盒带锁扣,READY,第6批,READY：字段齐全，可直接启动入库流程,
KL-KN-DS-002,厨刀,不锈钢三德刀黑色手柄,READY,第1批,READY：字段齐全，可直接启动入库流程,
KL-KN-DS-005,厨刀,大马士革钢中式菜刀木柄,READY,第1批,READY：字段齐全，可直接启动入库流程,
KL-KN-DS-006,厨刀,大马士革钢中式菜刀黑檀柄,READY,第1批,READY：字段齐全，可直接启动入库流程,
KL-KN-DS-008,厨刀,大马士革纹理主厨刀黑柄,READY,第1批,READY：字段齐全，可直接启动入库流程,
KL-KN-DS-009,厨刀,大马士革钢中式菜刀黑檀柄,READY,第1批,READY：字段齐全，可直接启动入库流程,
KL-KN-DS-010,厨刀,大马士革纹主厨刀黑色木柄,READY,第1批,READY：字段齐全，可直接启动入库流程,
KL-KN-DS-011,厨刀,高碳钢厨师切肉刀,READY,第1批,READY：字段齐全，可直接启动入库流程,
KL-KN-DS-012,厨刀,黑柄不锈钢厨师刀,READY,第1批,READY：字段齐全，可直接启动入库流程,
KL-KN-DS-013,厨刀,黑色木柄不锈钢削皮刀,READY,第1批,READY：字段齐全，可直接启动入库流程,
KL-KN-DS-014,厨刀,手工锻造大马士革纹理菜刀,READY,第1批,READY：字段齐全，可直接启动入库流程,
KL-KN-DS-015,厨刀,锤纹大马士革钢三德刀黑檀木柄,READY,第1批,READY：字段齐全，可直接启动入库流程,
KL-KN-DS-016,厨刀,大马士革钢西式主厨刀黑檀柄,READY,第1批,READY：字段齐全，可直接启动入库流程,
KL-KN-DS-019,厨刀,大马士革钢黑柄西式主厨刀,READY,第1批,READY：字段齐全，可直接启动入库流程,
KL-KN-HM-001,厨刀,锤纹不锈钢三德刀胡桃木柄,READY,第1批,READY：字段齐全，可直接启动入库流程,
KL-KN-HM-002,厨刀,锻打锤纹菜刀木柄,READY,第1批,READY：字段齐全，可直接启动入库流程,
KL-KN-HM-004,厨刀,锤纹大马士革三德刀深色木柄,READY,第1批,READY：字段齐全，可直接启动入库流程,
KL-KN-SET-DS-001,厨刀,大马士革纹蓝色树脂柄10件套厨刀,READY,第1批,READY：字段齐全，可直接启动入库流程,
KL-KN-SET-DS-002,厨刀,大马士革钢六件套厨刀黑柄专业刀具组,READY,第1批,READY：字段齐全，可直接启动入库流程,
KL-KN-SET-DS-003,厨刀,大马士革钢蓝绿树脂柄五件套厨刀,READY,第1批,READY：字段齐全，可直接启动入库流程,
KL-KN-SET-DS-004,厨刀,大马士革钢树脂透明柄六件套厨刀,READY,第1批,READY：字段齐全，可直接启动入库流程,
KL-KN-SET-SS-001,厨刀,不锈钢一体式厨刀套装含磨刀棒,READY,第2批,READY：字段齐全，可直接启动入库流程,
KL-KN-SET-SS-002,厨刀,大马士革钢五件套厨刀组合,READY,第2批,READY：字段齐全，可直接启动入库流程,
KL-KN-SET-SS-003,厨刀,不锈钢厨房刀具15件套黑柄,READY,第2批,READY：字段齐全，可直接启动入库流程,
KL-KN-SET-SS-004,厨刀,胡桃木柄不锈钢五件套厨刀,READY,第2批,READY：字段齐全，可直接启动入库流程,
KL-KN-SET-SS-005,厨刀,大马士革纹6件套厨刀黑檀柄,READY,第2批,READY：字段齐全，可直接启动入库流程,
KL-KN-SET-SS-006,厨刀,红色巴克木柄不锈钢五件套厨刀,READY,第2批,READY：字段齐全，可直接启动入库流程,
KL-KN-SET-SS-007,厨刀,巴克木柄不锈钢厨刀15件套,READY,第2批,READY：字段齐全，可直接启动入库流程,
KL-KN-SET-SS-008,厨刀,大马士革纹8件套厨刀套装胡桃木柄,READY,第2批,READY：字段齐全，可直接启动入库流程,
KL-KN-SET-SS-009,厨刀,大马士革钢树脂木柄厨刀五件套,READY,第2批,READY：字段齐全，可直接启动入库流程,
KL-KN-SET-SS-010,厨刀,大马士革钢鲍鱼贝壳柄五件厨刀套装,READY,第2批,READY：字段齐全，可直接启动入库流程,
KL-KN-SET-SS-011,厨刀,不锈钢一体柄六件套厨刀组,READY,第2批,READY：字段齐全，可直接启动入库流程,
KL-KN-SET-SS-012,厨刀,绿色涂层不锈钢五件套厨刀组,READY,第2批,READY：字段齐全，可直接启动入库流程,
KL-KN-SET-SS-013,厨刀,木柄不锈钢锯齿牛排刀四件套,READY,第2批,READY：字段齐全，可直接启动入库流程,
KL-KN-SET-SS-014,厨刀,金色不锈钢五件套厨刀组合,READY,第2批,READY：字段齐全，可直接启动入库流程,
KL-KN-SET-SS-015,厨刀,五件套不锈钢编织柄厨刀组合,READY,第2批,READY：字段齐全，可直接启动入库流程,
KL-KN-SET-SS-016,厨刀,全钢压花柄五件套厨刀组,READY,第2批,READY：字段齐全，可直接启动入库流程,
KL-KN-SET-SS-017,厨刀,蓝灰石纹柄不锈钢厨刀五件套,READY,第2批,READY：字段齐全，可直接启动入库流程,
KL-KN-SET-SS-018,厨刀,蓝色树脂柄不锈钢厨刀七件套,READY,第2批,READY：字段齐全，可直接启动入库流程,
KL-KN-SET-SS-019,厨刀,大马士革纹五件套厨刀组合木柄,READY,第2批,READY：字段齐全，可直接启动入库流程,
KL-KN-SET-SS-020,厨刀,大马士革钢五件套厨刀组合,READY,第2批,READY：字段齐全，可直接启动入库流程,
KL-KN-SET-SS-021,厨刀,大马士革钢五件套厨刀黑檀木柄,READY,第3批,READY：字段齐全，可直接启动入库流程,
KL-KN-SET-SS-022,厨刀,大马士革纹全钢一体6件套厨刀,READY,第3批,READY：字段齐全，可直接启动入库流程,
KL-KN-SET-SS-023,厨刀,黑色不粘涂层厨房五件套刀具,READY,第3批,READY：字段齐全，可直接启动入库流程,
KL-KN-SET-SS-024,厨刀,大马士革锤纹黑檀柄厨刀四件套,READY,第3批,READY：字段齐全，可直接启动入库流程,
KL-KN-SET-SS-025,厨刀,大马士革钢三件套厨刀木柄套装,READY,第3批,READY：字段齐全，可直接启动入库流程,
KL-KN-SET-SS-026,厨刀,大马士革纹7件套厨刀组合深木柄,READY,第3批,READY：字段齐全，可直接启动入库流程,
KL-KN-SET-SS-027,厨刀,不锈钢五件套厨刀组合黑柄,READY,第3批,READY：字段齐全，可直接启动入库流程,
KL-KN-SET-SS-028,厨刀,大理石纹树脂柄不锈钢厨刀7件套,READY,第3批,READY：字段齐全，可直接启动入库流程,
KL-KN-SET-SS-029,厨刀,大马士革钢黑树脂柄三件套厨刀,READY,第3批,READY：字段齐全，可直接启动入库流程,
KL-KN-SET-SS-030,厨刀,大马士革钢金箔树脂柄厨刀四件套,READY,第3批,READY：字段齐全，可直接启动入库流程,
KL-KN-SET-SS-031,厨刀,大马士革钢胡桃木柄五件套厨刀,READY,第3批,READY：字段齐全，可直接启动入库流程,
KL-KN-SET-SS-032,厨刀,不锈钢全钢5件套厨刀组合,READY,第3批,READY：字段齐全，可直接启动入库流程,
KL-KN-SET-SS-033,厨刀,胡桃木柄不锈钢五件套厨刀组,READY,第3批,READY：字段齐全，可直接启动入库流程,
KL-KN-SET-SS-034,厨刀,黑色不粘涂层厨房刀具7件套,READY,第3批,READY：字段齐全，可直接启动入库流程,
KL-KN-SET-SS-035,厨刀,不锈钢黑柄五件套厨刀组合,READY,第3批,READY：字段齐全，可直接启动入库流程,
KL-KN-SET-SS-036,厨刀,不锈钢全套厨刀组合黑色pakka木柄12,READY,第3批,READY：字段齐全，可直接启动入库流程,
KL-KN-SET-SS-037,厨刀,7件套奶油白柄不锈钢厨刀套装,READY,第3批,READY：字段齐全，可直接启动入库流程,
KL-KN-SS-002,厨刀,不锈钢中式菜刀黑柄厨房切肉刀,READY,第3批,READY：字段齐全，可直接启动入库流程,
KL-KN-SS-003,厨刀,不锈钢中式菜刀红木柄,READY,第3批,READY：字段齐全，可直接启动入库流程,
KL-KN-SS-004,厨刀,不锈钢中式菜刀白柄厨用切片刀,READY,第3批,READY：字段齐全，可直接启动入库流程,
KL-KN-SS-005,厨刀,彩贝柄不锈钢主厨刀,READY,第4批,READY：字段齐全，可直接启动入库流程,
KL-KN-SS-006,厨刀,黑木纹柄不锈钢菜刀,READY,第4批,READY：字段齐全，可直接启动入库流程,
KL-KN-SS-007,厨刀,红木柄不锈钢厨师刀,READY,第4批,READY：字段齐全，可直接启动入库流程,
KL-KN-SS-009,厨刀,木柄不锈钢中式菜刀,READY,第4批,READY：字段齐全，可直接启动入库流程,
KL-KN-SS-010,厨刀,不锈钢胡桃木柄中式菜刀,READY,第4批,READY：字段齐全，可直接启动入库流程,
KL-KN-SS-011,厨刀,木纹柄不锈钢主厨刀,READY,第4批,READY：字段齐全，可直接启动入库流程,
KL-KN-SS-012,厨刀,黑檀柄不锈钢西式厨师刀,READY,第4批,READY：字段齐全，可直接启动入库流程,
KL-KN-SS-013,厨刀,镜面抛光柚木柄细长切片刀,READY,第4批,READY：字段齐全，可直接启动入库流程,
KL-KN-SS-014,厨刀,空心边三德刀不锈钢黑柄厨刀,READY,第4批,READY：字段齐全，可直接启动入库流程,
KL-KN-SS-017,厨刀,黑胡桃木柄三德刀不锈钢厨刀,READY,第4批,READY：字段齐全，可直接启动入库流程,
KL-KN-SS-019,厨刀,大马士革钢柳刃刀木柄切片刀,READY,第4批,READY：字段齐全，可直接启动入库流程,
KL-KN-SS-020,厨刀,中式菜刀不锈钢木柄厨房切片刀,READY,第4批,READY：字段齐全，可直接启动入库流程,
KL-KN-SS-023,厨刀,不锈钢蜂窝纹防滑柄厨师刀,READY,第4批,READY：字段齐全，可直接启动入库流程,
KL-KN-SS-024,厨刀,不锈钢黑柄牛排刀西餐厨房刀具,READY,第4批,READY：字段齐全，可直接启动入库流程,
KL-KN-SS-027,厨刀,金色铝柄不锈钢厨师刀8寸专业西式厨刀,READY,第4批,READY：字段齐全，可直接启动入库流程,
KL-KN-SS-028,厨刀,全钢一体厨师刀不锈钢专业切菜刀,READY,第4批,READY：字段齐全，可直接启动入库流程,
KL-KN-SS-029,厨刀,白柄不锈钢专业屠宰分割刀,READY,第4批,READY：字段齐全，可直接启动入库流程,
KL-OD-SS-012,户外刀,黑白G10柄镜面折叠户外刀,READY,第7批,READY：字段齐全，可直接启动入库流程；需确认非管制刀型,
KL-OD-SS-015,户外刀,不锈钢木柄户外露营砍骨刀,READY,第7批,READY：字段齐全，可直接启动入库流程；需确认非管制刀型,
KL-OD-SS-019,户外刀,雕花不锈钢折叠户外刀,READY,第7批,READY：字段齐全，可直接启动入库流程；需确认非管制刀型,
KL-OD-SS-023,户外刀,不锈钢指环战术固定刃彩木柄户外刀,READY,第7批,READY：字段齐全，可直接启动入库流程；需确认非管制刀型,
KL-OD-SS-028,户外刀,战术固定刃刀荧光绿溅墨涂层G10柄,READY,第7批,READY：字段齐全，可直接启动入库流程；需确认非管制刀型,
KL-OD-SS-032,户外刀,绿色涂层战术直刀碳纤维鞘,READY,第7批,READY：字段齐全，可直接启动入库流程；需确认非管制刀型,
KL-OD-SS-033,户外刀,战术直刀G10柄碳纤维鞘户外刀,READY,第7批,READY：字段齐全，可直接启动入库流程；需确认非管制刀型,
KL-OD-SS-041,户外刀,战术固定刃绳缠柄户外刀,READY,第7批,READY：字段齐全，可直接启动入库流程；需确认非管制刀型,
KL-OD-SS-042,户外刀,木柄战术固定刃户外指环刀,READY,第7批,READY：字段齐全，可直接启动入库流程；需确认非管制刀型,
KL-OD-SS-043,户外刀,不锈钢指环战术固定刃木柄户外刀,READY,第7批,READY：字段齐全，可直接启动入库流程；需确认非管制刀型,
KL-OD-SS-044,户外刀,G10柄固定刃户外猎刀,READY,第7批,READY：字段齐全，可直接启动入库流程；需确认非管制刀型,
KL-OD-TI-002,户外刀,黑色战术直刀含鞘迷彩柄户外刀,READY,第7批,READY：字段齐全，可直接启动入库流程；需确认非管制刀型,
KL-OD-TI-003,户外刀,黑钛涂层全钢狩猎固定刃刀,READY,第7批,READY：字段齐全，可直接启动入库流程；需确认非管制刀型,
KL-OD-TI-004,户外刀,黑色战术格纹柄固定刃户外刀,READY,第7批,READY：字段齐全，可直接启动入库流程；需确认非管制刀型,
KL-OD-TI-005,户外刀,鲍鱼贝壳柄黑刃折叠刀,READY,第7批,READY：字段齐全，可直接启动入库流程；需确认非管制刀型,
KL-OD-TI-008,户外刀,迷彩柄黑刃折叠战术刀,READY,第7批,READY：字段齐全，可直接启动入库流程；需确认非管制刀型,
KL-OD-TI-011,户外刀,全黑战术折叠刀铝合金柄,READY,第7批,READY：字段齐全，可直接启动入库流程；需确认非管制刀型,
KL-OD-TI-012,户外刀,黑色战术折叠刀锯齿多功能户外刀,READY,第7批,READY：字段齐全，可直接启动入库流程；需确认非管制刀型,
KL-OD-TI-013,户外刀,全黑战术折叠刀带救援钩,READY,第7批,READY：字段齐全，可直接启动入库流程；需确认非管制刀型,
KL-OD-TI-014,户外刀,迷彩柄黑刃折叠战术刀,READY,第7批,READY：字段齐全，可直接启动入库流程；需确认非管制刀型,
KL-OD-TI-015,户外刀,迷彩柄战术折叠刀黑刃,READY,第8批,READY：字段齐全，可直接启动入库流程；需确认非管制刀型,
KL-OD-TI-016,户外刀,黑色战术直刀绳缠柄固定刃,READY,第8批,READY：字段齐全，可直接启动入库流程；需确认非管制刀型,
KL-OD-TI-017,户外刀,黑色全钢战术固定刃户外刀,READY,第8批,READY：字段齐全，可直接启动入库流程；需确认非管制刀型,
KL-SC-PR-007,剪刀,不锈钢全钢厨房多功能剪刀,READY,第4批,READY：字段齐全，可直接启动入库流程,
KL-SC-PR-008,剪刀,不锈钢多功能厨房剪刀,READY,第4批,READY：字段齐全，可直接启动入库流程,
KL-SC-PR-009,剪刀,Stainless Steel Heav,READY,第4批,READY：字段齐全，可直接启动入库流程,
KL-SC-SS-002,剪刀,不锈钢厨房多功能剪刀软硬柄,READY,第6批,READY：字段齐全，可直接启动入库流程,
KL-SC-SS-009,剪刀,不锈钢黄黑双色柄多用途剪刀,READY,第6批,READY：字段齐全，可直接启动入库流程,
KL-SC-SS-010,剪刀,不锈钢精修甲剪弧形指甲剪美甲专用剪,READY,第6批,READY：字段齐全，可直接启动入库流程,
KL-SC-TI-001,剪刀,黑色不锈钢厨房剪刀锯齿多功能,READY,第6批,READY：字段齐全，可直接启动入库流程,
KL-OD-SET-SS-002,户外刀,卡兰比战术爪刀多色印花套装,REGULATED,不入库，待合规决策,管制刀型（卡兰比/弹簧刀/OTF），仅内部登记；不建独立站页面、不做SEO、不生成对外文案,需Leo决策：是否完全不入库 vs 仅内部产品库参考
KL-OD-SS-020,户外刀,意式弹簧刀木柄不锈钢折叠刀,REGULATED,不入库，待合规决策,管制刀型（卡兰比/弹簧刀/OTF），仅内部登记；不建独立站页面、不做SEO、不生成对外文案,需Leo决策：是否完全不入库 vs 仅内部产品库参考
KL-OD-SS-034,户外刀,绿焰卡兰比战术指环弯刀,REGULATED,不入库，待合规决策,管制刀型（卡兰比/弹簧刀/OTF），仅内部登记；不建独立站页面、不做SEO、不生成对外文案,需Leo决策：是否完全不入库 vs 仅内部产品库参考
KL-OD-SS-035,户外刀,闪电纹战术卡兰比弯刃户外刀,REGULATED,不入库，待合规决策,管制刀型（卡兰比/弹簧刀/OTF），仅内部登记；不建独立站页面、不做SEO、不生成对外文案,需Leo决策：是否完全不入库 vs 仅内部产品库参考
KL-OD-SS-036,户外刀,星空涂装战术卡兰比弯刃刀,REGULATED,不入库，待合规决策,管制刀型（卡兰比/弹簧刀/OTF），仅内部登记；不建独立站页面、不做SEO、不生成对外文案,需Leo决策：是否完全不入库 vs 仅内部产品库参考
KL-OD-SS-037,户外刀,红黑虎纹战术卡兰比弯刃刀,REGULATED,不入库，待合规决策,管制刀型（卡兰比/弹簧刀/OTF），仅内部登记；不建独立站页面、不做SEO、不生成对外文案,需Leo决策：是否完全不入库 vs 仅内部产品库参考
KL-OD-SS-038,户外刀,金色战术卡拉姆比特指环弯刀,REGULATED,不入库，待合规决策,管制刀型（卡兰比/弹簧刀/OTF），仅内部登记；不建独立站页面、不做SEO、不生成对外文案,需Leo决策：是否完全不入库 vs 仅内部产品库参考
KL-OD-SS-039,户外刀,金色战术卡拉姆比特指环弯刀,REGULATED,不入库，待合规决策,管制刀型（卡兰比/弹簧刀/OTF），仅内部登记；不建独立站页面、不做SEO、不生成对外文案,需Leo决策：是否完全不入库 vs 仅内部产品库参考
KL-OD-SS-040,户外刀,火龙图案战术卡兰比弯刀,REGULATED,不入库，待合规决策,管制刀型（卡兰比/弹簧刀/OTF），仅内部登记；不建独立站页面、不做SEO、不生成对外文案,需Leo决策：是否完全不入库 vs 仅内部产品库参考
KL-OD-SS-045,户外刀,珍珠贝柄意式弹簧折叠刀,REGULATED,不入库，待合规决策,管制刀型（卡兰比/弹簧刀/OTF），仅内部登记；不建独立站页面、不做SEO、不生成对外文案,需Leo决策：是否完全不入库 vs 仅内部产品库参考
KL-OD-SS-046,户外刀,黑珍珠柄意式弹簧折叠刀,REGULATED,不入库，待合规决策,管制刀型（卡兰比/弹簧刀/OTF），仅内部登记；不建独立站页面、不做SEO、不生成对外文案,需Leo决策：是否完全不入库 vs 仅内部产品库参考
KL-OD-SS-047,户外刀,意式弹簧刀黑柄不锈钢战术折叠刀,REGULATED,不入库，待合规决策,管制刀型（卡兰比/弹簧刀/OTF），仅内部登记；不建独立站页面、不做SEO、不生成对外文案,需Leo决策：是否完全不入库 vs 仅内部产品库参考
KL-OD-TI-009,户外刀,全黑战术OTF弹簧刀铝合金柄,REGULATED,不入库，待合规决策,管制刀型（卡兰比/弹簧刀/OTF），仅内部登记；不建独立站页面、不做SEO、不生成对外文案,需Leo决策：是否完全不入库 vs 仅内部产品库参考
KL-OD-SS-005,户外刀,Strider折叠战术刀灰色铝合金柄,PRIVATE_LABEL_RISK,不入库，待合规决策,含Gerber/SOG/Microtech/Strider品牌名，仅内部登记；不使用品牌名做关键词,需Leo决策：是否完全不入库 vs 脱敏后内部参考
KL-OD-SS-025,户外刀,Gerber不锈钢求生刀伞绳柄,PRIVATE_LABEL_RISK,不入库，待合规决策,含Gerber/SOG/Microtech/Strider品牌名，仅内部登记；不使用品牌名做关键词,需Leo决策：是否完全不入库 vs 脱敏后内部参考
KL-OD-SS-027,户外刀,SOG不锈钢固定刃户外战术刀,PRIVATE_LABEL_RISK,不入库，待合规决策,含Gerber/SOG/Microtech/Strider品牌名，仅内部登记；不使用品牌名做关键词,需Leo决策：是否完全不入库 vs 脱敏后内部参考
KL-OD-SS-029,户外刀,SOG战术固定刃颈刀G10柄,PRIVATE_LABEL_RISK,不入库，待合规决策,含Gerber/SOG/Microtech/Strider品牌名，仅内部登记；不使用品牌名做关键词,需Leo决策：是否完全不入库 vs 脱敏后内部参考
KL-OD-SS-031,户外刀,Microtech战术直刀G10柄碳纤维,PRIVATE_LABEL_RISK,不入库，待合规决策,含Gerber/SOG/Microtech/Strider品牌名，仅内部登记；不使用品牌名做关键词,需Leo决策：是否完全不入库 vs 脱敏后内部参考
KL-OD-SS-048,户外刀,Gerber不锈钢求生刀伞绳柄,PRIVATE_LABEL_RISK,不入库，待合规决策,含Gerber/SOG/Microtech/Strider品牌名，仅内部登记；不使用品牌名做关键词,需Leo决策：是否完全不入库 vs 脱敏后内部参考
KL-KN-SS-008,厨刀,(缺名称),INCOMPLETE,待补资料,缺少中英文名称等关键字段，需向工厂/资料确认后重新评估状态,补资料后可能转为READY
