文件名,路径,当前sensitivity,推荐层级,来源等级,是否有source_url,是否有日期,审核结论,需补充的免责声明
00_外部知识缺口分析.md,13_外部知识层/00_外部知识缺口分析.md,internal,internal,未标注(内部),否,是(last_updated 2026-09-28),内部规划文档含自有知识库薄弱点，不适合公开,无需公开
01_刀具跨境物流限制与承运商政策.md,13_外部知识层/01_刀具跨境物流限制与承运商政策.md,internal,public_with_disclaimer,A,是(7个URL),是(fetch 2026-09-28;publish未标注),纯承运商公开政策来源A级；须剥离对KaiLionCrafts内部应用判断,承运商政策变化快发货前须书面确认；以承运商官方最新页面为准
01_联网搜索计划.md,13_外部知识层/01_联网搜索计划.md,internal,internal,未标注(内部),否,是(last_updated 2026-09-28),内部搜索方法论工作底稿，不适合公开,无需公开
02_刀剪HS编码归类与关税指南.md,13_外部知识层/02_刀剪HS编码归类与关税指南.md,internal,public_with_disclaimer,A/B,是(5个URL),是(fetch 2026-09-28;publish未标注),纯HS归类与公开关税知识；含Section301待核验提示,具体归类税率以海关A/B裁定和官方最新税则为准；301税率以USTR公告为准
03_阳江刀剪出口数据_2023-2025.md,13_外部知识层/03_阳江刀剪出口数据_2023-2025.md,internal,public_with_disclaimer,S,是(3个政府URL),是(publish 2026-02-13;fetch 2026-09-28),政府公开宏观统计非我方数据；口径不一致不可直接对比,引用政府公开统计仅供行业参考；以海关原始发布为准；不得直接相减得结论
04_户外刀具各国法规权威来源汇编.md,13_外部知识层/04_户外刀具各国法规权威来源汇编.md,internal,public_with_disclaimer(独立public版;原internal保留),S,是(7+官方URL),是(多源2024-2026;fetch 2026-09-28),官方法规条文S级；含内部对KLC影响判断需剥离；保留管制术语,法规参考不构成法律意见；出口前由目标国持牌律师/报关行确认最新版本
05_内外冲突清单_v6.0阶段2.md,13_外部知识层/05_内外冲突清单_v6.0阶段2.md,internal,internal,未标注(内部),否,是(last_updated 2026-09-28),暴露内部数据矛盾与路演表述问题，不适合公开,无需公开
06_独立站户外刀页面敏感词清单.md,13_外部知识层/06_独立站户外刀页面敏感词清单.md,internal,internal,未标注(内部扫描),否,是(scan 2026-09-28),暴露我方页面URL与SEO敏感词扫描结果，不适合公开,无需公开
07_管制刀型疑似SKU清单.md,13_外部知识层/07_管制刀型疑似SKU清单.md,internal,confidential,未标注(内部扫描),否,是(scan 2026-09-28),含具体管制SKU编号绝对不可公开；属Leo待确认事项本阶段不处理,无需公开;本阶段不处理13个管制SKU
08_刀剪专业知识深度素材.md,13_外部知识层/08_刀剪专业知识深度素材.md,internal,public_with_disclaimer,A,是(3+URL),是(多源2022-2026;fetch 2026-09-28),钢材/热处理教育知识；$为钢材成本等级非我方价格；须保留来源,行业公开知识汇编；钢材性能以材料供应商最新数据为准；转载保留出处
09_刀剪买家问题与长尾关键词.md,13_外部知识层/09_刀剪买家问题与长尾关键词.md,internal,public,B,是(3个URL),是(多源2025-2026;fetch 2026-09-28),买家问题与长尾词事实性整理无我方价格无公司敏感,建议加注:搜索意图基于公开社区推断非官方搜索量数据
10_内容选题库_搜索意图优先级.md,13_外部知识层/10_内容选题库_搜索意图优先级.md,internal,internal,B,是(2个URL),是(publish/fetch 2026-09-28),暴露我方内容营销P0/P1/P2商业优先级，不适合公开,无需公开;通用选题方向可剥离后另议
11_主要竞品品牌分析.md,13_外部知识层/11_主要竞品品牌分析.md,internal,internal,A,是(7个URL),是(fetch 2026-09-28;publish未标注),含竞品价格带与我方应对思路，usage_note禁止对外引用,无需公开
12_刀剪品类价格带与评论痛点.md,13_外部知识层/12_刀剪品类价格带与评论痛点.md,internal,internal(待Leo决策是否脱敏后public),B,是(5个URL),是(fetch 2026-09-28;publish未标注),含市场价格带与具体品牌价格点用于我方定价参考,若脱敏公开:价格带来自公开渠道仅供参考以品牌官网实时价为准
13_竞品官网结构与转化手法分析.md,13_外部知识层/13_竞品官网结构与转化手法分析.md,internal,internal,A,是(5个URL),是(fetch 2026-09-28;publish未标注),含我方对竞品转化策略拆解与借鉴思路，不适合公开,无需公开
对外模板敏感词检查清单.md,13_外部知识层/对外模板敏感词检查清单.md,internal,internal,未标注(内部扫描),否,是(last_updated 2026-09-28),暴露我方对外模板库结构与敏感点，不适合公开,无需公开
户外刀敏感词改前改后对照表.md,13_外部知识层/户外刀敏感词改前改后对照表.md,internal,internal,未标注(内部派生),否,是(last_updated 2026-09-28),暴露我方页面URL与SEO修改策略，不适合公开,无需公开
