文件路径,sensitivity,title
00_导航与规范/00_README_知识库总导航.md,internal,KaiLionCrafts 公司AI知识库 — 总导航
00_导航与规范/01_知识库使用指南_AI读取规范.md,internal,知识库使用指南与AI读取规范
00_导航与规范/02_公司核心事实速查表.md,internal,公司核心事实速查表
00_导航与规范/03_术语规范与版本冲突说明.md,internal,术语规范与版本冲突说明
00_导航与规范/04_多级分类体系.md,internal,KaiLionCrafts知识库多级分类体系 v5.7
00_导航与规范/05_知识库质量审计报告.md,internal,知识库质量审计报告 v3.2
00_导航与规范/05_知识库质量审计报告_v3.6.md,internal,知识库质量审计报告 v3.6
00_导航与规范/06_AI工作台接入指南.md,internal,AI 工作台接入指南（Dify / Cursor / 自研工作台）
00_导航与规范/07_知识库维护与更新规范.md,internal,知识库维护与更新规范
00_导航与规范/08_知识库实战演示.md,internal,知识库实战演示（3场景）
00_导航与规范/Leo待确认清单_v5.7.md,internal,Leo待确认清单 v5.7
00_导航与规范/P0整合报告_2026-09-28.md,internal,P0高优先级资料整合报告（2026-09-28）
00_导航与规范/v5.0全量扫描报告.md,internal,v5.0全量扫描报告
00_导航与规范/v5.0知识库深度分析报告.md,internal,v5.0 知识库深度分析报告
00_导航与规范/v5.4全量扫描报告.md,internal,v5.4全量扫描报告
00_导航与规范/v5.7事实核验报告.md,internal,v5.7 全库事实核验报告
00_导航与规范/v5.7合并与归档清单.md,internal,v5.7 合并与归档清单（去重与版本治理 + 内容安全分层）
00_导航与规范/v7.0_P0_P1_P2问题清单.md,internal,v7.0 P0/P1/P2 问题清单
00_导航与规范/v7.0_协会PPT去重报告.md,internal,协会PPT去重报告（v7.0阶段2步骤1）
00_导航与规范/v7.0_后续增量维护SOP.md,internal,v7.0 后续增量维护SOP
00_导航与规范/v7.0_审计临时结果_A.md,internal,v7.0 最终验收审计 — 临时结果 A（第一/二/五/六部分）
00_导航与规范/v7.0_审计临时结果_B.md,internal,
00_导航与规范/v7.0_最终交付目录.md,internal,v7.0 最终交付目录
00_导航与规范/v7.0_最终待Leo确认清单.md,internal,v7.0 最终待Leo确认清单
00_导航与规范/v7.0_知识库最终框架说明.md,internal,v7.0 知识库最终框架说明
00_导航与规范/v7.0_知识库统计数据.csv,unspecified,
00_导航与规范/v7.0最终验收审计报告.md,internal,v7.0 最终验收审计报告
00_导航与规范/v7.0阶段1_原始资料全量盘点报告.md,internal,v7.0 阶段 1 原始资料全量盘点报告
00_导航与规范/v7.1.1_勘误说明.md,internal,
00_导航与规范/v7.1.1_统计口径修正版.csv,unspecified,
00_导航与规范/v7.1_31个文件敏感等级补标报告.md,internal,
00_导航与规范/v7.1_AI检索回归测试报告.md,internal,v7.1 AI 检索回归测试报告
00_导航与规范/v7.1_P0修复前后对比报告.md,internal,v7.1 P0修复前后对比报告
00_导航与规范/v7.1_P0修复日志.md,internal,v7.1 P0修复日志
00_导航与规范/v7.1_公开层安全扫描报告.md,internal,v7.1 公开层安全扫描报告
00_导航与规范/v7.1_后续增量维护SOP.md,internal,
00_导航与规范/v7.1_备份清单与校验值.md,internal,
00_导航与规范/v7.1_完整敏感等级清单.csv,unspecified,
00_导航与规范/v7.1_文件数量核对表.csv,unspecified,
00_导航与规范/v7.1_最终交付验收报告.md,internal,
00_导航与规范/v7.1_最终发布候选报告.md,internal,v7.1 最终发布候选报告
00_导航与规范/v7.1_最终框架说明.md,internal,
00_导航与规范/v7.1_正式交付目录.md,internal,
00_导航与规范/v7.1_版本变更记录.md,internal,v7.1 版本变更记录
00_导航与规范/v7.1_知识库统计数据.csv,unspecified,
00_导航与规范/v7.2_161个SKU分批计划.csv,unspecified,
00_导航与规范/v7.2_公开产品脱敏版重建计划.md,internal,
00_导航与规范/v7.2_增量路线图.md,internal,
00_导航与规范/v7.2_外部知识公开性审核结果.md,internal,
00_导航与规范/v7.2_外部知识公开性审核表.md,internal,
00_导航与规范/v7.2_外部知识分层清单.csv,unspecified,
00_导航与规范/v7.2_外部知识待补来源清单.md,internal,
00_导航与规范/v7.2_外部知识文件数量差异说明.md,internal,
00_导航与规范/v7.2_待Leo确认清单.md,internal,
00_导航与规范/v7.2_法规汇编审核结果.md,internal,
00_导航与规范/v7.2_维护日历.md,internal,
00_导航与规范/v7.2_阶段1变更记录.md,internal,
00_导航与规范/分类体系扩张评估报告_2026-09-28.md,internal,知识库分类体系扩张评估报告
00_导航与规范/场景路由表.md,internal,场景路由表
00_导航与规范/外贸公司知识库标准内容清单.md,internal,外贸公司知识库标准内容清单
00_导航与规范/外部知识过期日历.md,internal,外部知识过期日历
00_导航与规范/术语表_中英对照与禁用词.md,internal,术语表 — 中英对照与禁用词
00_导航与规范/标准问答库.md,internal,标准问答库
00_导航与规范/知识库使用手册_Leo版.md,internal,知识库使用手册（Leo版）
00_导航与规范/知识库使用教程.md,internal,知识库使用教程（用户 + AI 工作台速查手册）
00_导航与规范/知识库使用案例集.md,internal,知识库使用案例集（6个真实业务场景）
00_导航与规范/知识库分享概览.md,internal,KaiLionCrafts 公司知识库 · 分享概览
00_导航与规范/知识库差距分析报告_v3.9.md,internal,知识库差距分析报告 v3.9
00_导航与规范/知识库知识图谱与关联索引.md,internal,知识库知识图谱与关联索引
00_导航与规范/知识库维护日历.md,internal,知识库维护日历
00_导航与规范/需要Leo提供的资料清单.md,internal,需要Leo提供的资料清单
00_导航与规范/首批内容试点清单.md,internal,首批内容试点清单
01_公司与品牌/01_公司简介_中英文权威版.md,public,公司简介（中英文权威版）
01_公司与品牌/02_创始人简介_利建成LeoLi.md,public,创始人简介 — 利建成 Leo Li
01_公司与品牌/03_公司发展历程与里程碑.md,public,公司发展历程与里程碑
01_公司与品牌/04_品牌故事与核心理念.md,public,品牌故事与核心理念
01_公司与品牌/05_公司核心事实速查表.md,internal,公司核心事实速查表
01_公司与品牌/05a_对外材料最新版数据_9.26.md,internal,对外材料最新版数据（9.26 Company Profile / Product Catalog）
01_公司与品牌/06_版本冲突与权威口径说明.md,internal,版本冲突与权威口径说明
01_公司与品牌/07_媒体报道与舆论背书.md,public,媒体报道与舆论背书
01_公司与品牌/08_首单社媒证明与信任资产.md,public,首单社媒证明与信任资产
01_公司与品牌/09_组织架构与岗位职责.md,internal,组织架构与岗位职责
01_公司与品牌/10_绩效考核与提成方案.md,confidential,绩效考核与提成方案
01_公司与品牌/11_新员工培训体系.md,internal,新员工培训体系
01_公司与品牌/12_团队协作流程与工具.md,internal,团队协作流程与工具
01_公司与品牌/创始人资料/01_创始人资料总览.md,public,创始人资料总览 — 利建成（Leo Li）公开活动与资料索引
01_公司与品牌/创始人资料/02_政府宣讲与政策参与.md,public,政府宣讲与政策参与 — 利建成（Leo Li）
01_公司与品牌/创始人资料/03_协会宣讲与行业分享.md,public,协会宣讲与行业分享 — 利建成（Leo Li）
01_公司与品牌/创始人资料/04_上课宣讲与教学分享.md,public,上课宣讲与教学分享 — 利建成（Leo Li）
01_公司与品牌/创始人资料/05_创业比赛路演.md,public,创业比赛路演 — 利建成（Leo Li）
01_公司与品牌/创始人资料/06_媒体采访与品牌报道.md,public,媒体采访与品牌报道 — 利建成（Leo Li）
01_公司与品牌/创始人资料/07_其他公开分享.md,public,其他公开分享 — 利建成（Leo Li）
01_公司与品牌/工厂与供应链/01_合作工厂体系.md,internal,合作工厂体系
01_公司与品牌/工厂与供应链/02_生产工艺与质量控制.md,internal,生产工艺与质量控制
01_公司与品牌/工厂与供应链/03_OEM_ODM定制能力.md,internal,OEM / ODM 定制能力
01_公司与品牌/工厂与供应链/04_股权合作模式.md,confidential,工厂股权合作模式
01_公司与品牌/工厂与供应链/05_工厂宣传片与视觉资产.md,internal,工厂宣传片与视觉资产
01_公司与品牌/工厂与供应链/06_供应链管理SOP.md,internal,供应链管理 SOP
01_公司与品牌/工厂与供应链/07_供应商评估与管理.md,internal,供应商评估与管理
01_公司与品牌/工厂与供应链/08_供应链风险识别与应对.md,internal,供应链风险识别与应对
01_公司与品牌/工厂与供应链/09_原材料采购与库存管理.md,internal,原材料采购与库存管理
01_公司与品牌/工厂与供应链/供应链成本拆解模板.md,confidential,供应链成本拆解模板
01_公司与品牌/工厂与供应链/风险管理与应急预案.md,internal,风险管理与应急预案
01_公司与品牌/知识产权与合规/01_商标注册与保护.md,internal,商标注册与保护
01_公司与品牌/知识产权与合规/02_专利与外观设计.md,internal,专利与外观设计
01_公司与品牌/知识产权与合规/03_数据隐私合规.md,internal,数据隐私合规
01_公司与品牌/知识产权与合规/04_产品合规认证体系.md,internal,产品合规认证体系
01_公司与品牌/知识产权与合规/05_出口管制与制裁合规.md,internal,出口管制与制裁合规
01_公司与品牌/知识产权与合规/产品认证标准库.md,internal,产品认证标准库
01_公司与品牌/知识产权与合规/全球法规变化追踪_2025-2026.md,internal,全球法规变化追踪（2025-2026）
01_公司与品牌/知识产权与合规/各国产品认证要求矩阵.md,internal,各国产品认证要求矩阵
01_公司与品牌/知识产权与合规/各国认证要求详解.md,internal,各国认证要求详解（Per-Country Certification Deep Dive）
01_公司与品牌/知识产权与合规/商标国际注册实操.md,internal,商标国际注册实操
01_公司与品牌/知识产权与合规/海外专利与品牌维权实操.md,internal,海外专利与品牌维权实操
01_公司与品牌/资质认证/01_资质证书总览.md,internal,资质证书总览（23 组）
01_公司与品牌/资质认证/02_产品认证详解.md,internal,产品认证详解（食品接触与材料合规）
01_公司与品牌/资质认证/03_社会责任认证.md,internal,社会责任认证（amfori BSCI）
01_公司与品牌/资质认证/04_钢材材质证明.md,internal,钢材材质证明（Outokumpu）
01_公司与品牌/资质认证/05_质保与售后政策.md,internal,质保与售后政策
01_公司与品牌/资质认证/05a_质保与售后政策_最终版.md,internal,质保与售后政策（最终版）
02_产品知识库/00_产品知识库总览.md,public,产品知识库总览
02_产品知识库/00_四大品类产品参数汇总_确认版.md,internal,四大品类产品参数汇总（确认版）
02_产品知识库/SKU数据提取/00_SKU数据覆盖差异报告.md,internal,
02_产品知识库/SKU数据提取/01_SKU数据源文件清单.md,internal,
02_产品知识库/SKU数据提取/02_SKU冲突清单.md,internal,
02_产品知识库/SKU数据提取/03_敏感字段登记.md,internal,
02_产品知识库/SKU数据提取/04_SKU入库前验收报告.md,internal,
02_产品知识库/SKU数据提取/05_待入库SKU清单.md,internal,
02_产品知识库/SKU数据提取/06_20条抽查证据表.md,internal,
02_产品知识库/SKU数据提取/07_Leo待决策清单_v7.md,internal,
02_产品知识库/SKU数据提取/08_对外使用风险清单.md,internal,
02_产品知识库/SKU正式库/00_SKU正式库总览.md,internal,
02_产品知识库/SKU正式库/01_厨刀SKU正式库.md,public,
02_产品知识库/SKU正式库/02_专业剪刀SKU正式库.md,public,
02_产品知识库/SKU正式库/03_户外刀SKU正式库.md,public,
02_产品知识库/SKU正式库/04_厨房配件SKU正式库.md,public,
02_产品知识库/SKU试点入库_待审批/20个SKU试点入库清单.md,internal,
02_产品知识库/SKU试点入库_待审批/待工厂确认字段清单.md,internal,
02_产品知识库/SKU试点入库_待审批/试点SKU字段来源证据表.md,internal,
02_产品知识库/SKU试点入库_待审批/试点入库差异报告.md,internal,
02_产品知识库/SKU试点入库_待审批/试点检索测试报告.md,internal,
02_产品知识库/public产品版/00_公开产品版总览.md,public,公开产品版总览
02_产品知识库/public产品版/01_厨刀产品参数_公开版.md,public,厨刀产品参数（公开版）
02_产品知识库/public产品版/02_专业剪刀产品参数_公开版.md,public,专业剪刀产品参数（公开版）
02_产品知识库/public产品版/03_户外刀产品参数_公开版.md,public,户外刀产品参数（公开版）
02_产品知识库/public产品版/04_厨房配件产品参数_公开版.md,public,厨房配件产品参数（公开版）
02_产品知识库/专业剪刀/01_专业剪刀品类总览.md,public,专业剪刀品类总览
02_产品知识库/专业剪刀/02_专业剪刀SKU索引.md,public,专业剪刀 SKU 索引
02_产品知识库/专业剪刀/03_专业剪刀规格参数标准.md,public,专业剪刀规格参数标准
02_产品知识库/专业剪刀/04_专业剪刀SKU完整参数表.md,confidential,专业剪刀 SKU 完整参数表
02_产品知识库/专业剪刀/05_专业剪刀SKU详情集a.md,confidential,专业剪刀 SKU 详情集（A）
02_产品知识库/专业剪刀/05_专业剪刀SKU详情集b.md,confidential,专业剪刀 SKU 详情集（B）
02_产品知识库/专业剪刀/剪刀SKU深度参数与应用场景.md,confidential,剪刀 SKU 深度参数与应用场景
02_产品知识库/专业剪刀/剪刀技术参数深度说明.md,public,剪刀技术参数深度说明
02_产品知识库/专业剪刀/剪刀类型与制造工艺.md,public,剪刀类型与制造工艺
02_产品知识库/产品FAQ库/01_厨房刀FAQ.md,internal,厨房刀 FAQ (Kitchen Knives FAQ)
02_产品知识库/产品FAQ库/02_专业剪刀FAQ.md,public,专业剪刀 FAQ (Professional Scissors FAQ)
02_产品知识库/产品FAQ库/03_户外刀FAQ.md,internal,户外刀 FAQ (Outdoor Knives FAQ)
02_产品知识库/产品FAQ库/04_厨房用品FAQ.md,public,厨房用品 FAQ (Kitchen Accessories FAQ)
02_产品知识库/产品保养维护指南.md,public,产品保养维护指南（Product Care & Maintenance）
02_产品知识库/产品竞争对比矩阵.md,confidential,产品竞争对比矩阵 (Product Competitive Matrix)
02_产品知识库/产品视频脚本库/01_产品展示视频脚本模板.md,confidential,产品展示视频脚本模板
02_产品知识库/产品视频脚本库/02_工厂实力视频脚本.md,public,工厂实力视频脚本（Factory Capability Video Scripts）
02_产品知识库/产品视频脚本库/03_产品使用教程脚本.md,public,产品使用教程脚本（How-to & Care Guides）
02_产品知识库/产品视频脚本库/04_短视频平台脚本模板.md,confidential,短视频平台脚本模板（TikTok / Reels / Shorts）
02_产品知识库/产品视频脚本库/05_短视频平台爆款脚本模板.md,confidential,短视频平台爆款脚本模板（15s / 30s / 60s 公式库 + 刀剪选题库）
02_产品知识库/产品视频脚本库/06_工厂实力展示与客户见证视频脚本.md,public,工厂实力展示与客户见证视频脚本（Factory Capability + Customer Testimonials）
02_产品知识库/产品视频脚本库/07_节日营销视频脚本.md,public,节日营销视频脚本（Christmas / Black Friday / New Year / Mother's & Father's Day）
02_产品知识库/产品选购指南/剪刀选购指南.md,confidential,剪刀选购指南 (Scissors Buying Guide)
02_产品知识库/产品选购指南/厨刀选购指南.md,confidential,厨刀选购指南 (Kitchen Knife Buying Guide)
02_产品知识库/产品选购指南/厨房用品选购指南.md,confidential,厨房用品选购指南 (Kitchen Accessories Buying Guide)
02_产品知识库/产品选购指南/户外刀选购指南.md,confidential,户外刀选购指南 (Outdoor Knife Buying Guide)
02_产品知识库/刀具钢材参数深度库.md,public,刀具钢材参数深度库（Knife Steel Chemistry Deep Dive）
02_产品知识库/刀剪市场规模与可持续发展_2026补充.md,public,全球刀剪市场规模与可持续发展趋势（2026补充）
02_产品知识库/刀剪行业动态_2026Q3补充.md,public,刀剪行业动态（2026 Q3 补充）
02_产品知识库/刀剪行业技术与材料发展_2026.md,public,刀剪行业技术与材料发展（2025-2026）
02_产品知识库/厨房刀具/01_厨房刀具品类总览.md,internal,厨房刀具品类总览
02_产品知识库/厨房刀具/02_厨房刀具SKU索引.md,confidential,厨房刀具 SKU 索引
02_产品知识库/厨房刀具/03_厨房刀具规格参数标准.md,internal,厨房刀具规格参数标准
02_产品知识库/厨房刀具/04_厨房刀具SKU完整参数表.md,confidential,厨房刀具 SKU 完整参数表
02_产品知识库/厨房刀具/05_厨房刀具SKU详情集a.md,confidential,厨房刀具 SKU 详情集（A）
02_产品知识库/厨房刀具/05_厨房刀具SKU详情集b.md,confidential,厨房刀具 SKU 详情集（B）
02_产品知识库/厨房刀具/06_厨刀套装SKU完整参数表.md,confidential,厨刀套装 SKU 完整参数表
02_产品知识库/厨房刀具/07_厨刀套装SKU详情集a.md,confidential,厨刀套装 SKU 详情集（A）
02_产品知识库/厨房刀具/07_厨刀套装SKU详情集b.md,confidential,厨刀套装 SKU 详情集（B）
02_产品知识库/厨房刀具/厨刀SKU深度参数与应用场景.md,confidential,厨刀 SKU 深度参数与应用场景
02_产品知识库/厨房刀具/厨刀技术参数深度说明.md,public,厨刀技术参数深度说明
02_产品知识库/厨房刀具/厨刀文化与历史.md,confidential,厨刀文化与历史
02_产品知识库/厨房用品/01_厨房用品品类总览.md,public,厨房用品品类总览
02_产品知识库/厨房用品/02_厨房用品SKU索引.md,public,厨房用品 SKU 索引
02_产品知识库/厨房用品/03_厨房用品规格参数标准.md,public,厨房用品规格参数标准
02_产品知识库/厨房用品/04_厨房用品SKU完整参数表.md,confidential,厨房用品 SKU 完整参数表
02_产品知识库/厨房用品/05_厨房用品SKU详情集.md,confidential,厨房用品 SKU 详情集
02_产品知识库/厨房用品/厨房工具大全与材质安全.md,confidential,厨房工具大全与材质安全
02_产品知识库/厨房用品/厨房用品SKU深度参数与应用场景.md,confidential,厨房用品 SKU 深度参数与应用场景
02_产品知识库/厨房用品/厨房用品技术参数深度说明.md,public,厨房用品技术参数深度说明
02_产品知识库/四大品类市场趋势与产品创新_2026.md,public,四大品类市场趋势与产品创新（2025-2026）
02_产品知识库/户外刀具/01_户外刀具品类总览.md,internal,户外刀具品类总览
02_产品知识库/户外刀具/02_户外刀具SKU索引.md,internal,户外刀具 SKU 索引
02_产品知识库/户外刀具/03_户外刀具规格参数标准.md,internal,户外刀具规格参数标准
02_产品知识库/户外刀具/04_户外刀具SKU完整参数表.md,confidential,户外刀具 SKU 完整参数表
02_产品知识库/户外刀具/05_户外刀具SKU详情集a.md,confidential,户外刀具 SKU 详情集（A）
02_产品知识库/户外刀具/05_户外刀具SKU详情集b.md,confidential,户外刀具 SKU 详情集（B）
02_产品知识库/户外刀具/仿牌SKU处理决策.md,confidential,仿牌户外刀SKU处理决策
02_产品知识库/户外刀具/户外刀SKU深度参数与应用场景.md,confidential,户外刀 SKU 深度参数与应用场景
02_产品知识库/户外刀具/户外刀使用与维护指南.md,confidential,户外刀使用与维护指南
02_产品知识库/户外刀具/户外刀技术参数深度说明.md,internal,户外刀技术参数深度说明
02_产品知识库/术语与材质/01_中英术语库_产品类.md,public,中英术语库（产品类）
02_产品知识库/术语与材质/02_中英术语库_材质工艺类.md,public,中英术语库（材质工艺类）
02_产品知识库/术语与材质/03_钢材材质知识库.md,public,钢材材质知识库
02_产品知识库/术语与材质/04_包装定制规范.md,public,包装定制规范
02_产品知识库/术语与材质/05_产品FAQ.md,internal,产品 FAQ
02_产品知识库/术语与材质/06_刀剪翻译铁律与标准英文表达库.md,public,刀剪翻译铁律与标准英文表达库（Dify 翻译知识库提炼）
02_产品知识库/术语与材质/刀剪行业术语词典.md,internal,刀剪行业术语词典（中英对照）
02_产品知识库/线上产品全量清单/00_线上产品总览.md,confidential,线上产品总览 (Online Product Overview — 129 SKUs)
02_产品知识库/线上产品全量清单/剪刀线上产品全量.md,confidential,剪刀线上产品全量清单 (Professional Scissors Online Catalog)
02_产品知识库/线上产品全量清单/厨刀线上产品全量.md,confidential,厨刀线上产品全量清单 (Kitchen Knives Online Catalog)
02_产品知识库/线上产品全量清单/厨房用品线上产品全量.md,confidential,厨房用品线上产品全量清单 (Kitchen Accessories Online Catalog)
02_产品知识库/线上产品全量清单/户外刀线上产品全量.md,confidential,户外刀线上产品全量清单 (Outdoor Knives Online Catalog)
03_客户开发与CRM/00_客户开发前知识库查询指南.md,internal,客户开发前知识库查询指南（AI 可执行 Checklist）
03_客户开发与CRM/01_客户开发全流程SOP.md,internal,客户开发全流程SOP（10步标准链路）
03_客户开发与CRM/02_客户分级管理_ABCD.md,internal,客户分级管理（ABCD分级标准）
03_客户开发与CRM/03_客户背景调查SOP与工具.md,internal,客户背景调查SOP与工具（13步Checklist）
03_客户开发与CRM/04_大客户开发策略.md,internal,大客户开发策略（进口商/品牌商/批发商/连锁零售）
03_客户开发与CRM/05_小客户与跨境电商开发策略.md,internal,小客户与跨境电商开发策略
03_客户开发与CRM/06_谈判话术与异议处理.md,internal,谈判话术与异议处理
03_客户开发与CRM/07_客户资料包标准清单.md,internal,客户资料包标准清单
03_客户开发与CRM/08_实战案例集.md,internal,实战案例集
03_客户开发与CRM/09_跨境网络与基础设施SOP.md,internal,跨境网络与基础设施搭建SOP
03_客户开发与CRM/10_客户画像与买家Personas.md,internal,客户画像与买家 Personas（四大品类 × 25 国市场）
03_客户开发与CRM/11_通用客户FAQ.md,internal,通用客户 FAQ (General Customer FAQ)
03_客户开发与CRM/12_产品场景与客户匹配矩阵.md,internal,产品应用场景与客户匹配矩阵（v3.3）
03_客户开发与CRM/13_客户分级管理体系.md,internal,客户分级管理体系（运营落地版）
03_客户开发与CRM/14_客户跟进记录表模板.md,internal,客户跟进记录表模板（CRM Follow-up Log）
03_客户开发与CRM/15_客户留存与复购策略.md,internal,客户留存与复购策略（Post-Purchase Retention & Repeat Order）
03_客户开发与CRM/16_CRM字段定义与数据规范.md,internal,CRM字段定义与数据规范（Customer Profile Data Standard）
03_客户开发与CRM/17_客户流失预警与挽回.md,internal,客户流失预警与挽回（Churn Alert & Win-back）
03_客户开发与CRM/18_询盘管理与转化漏斗.md,internal,询盘管理与转化漏斗（Inquiry Management & Conversion Funnel）
03_客户开发与CRM/19_外贸客户开发结构化数据底座_V75.md,internal,外贸客户开发结构化数据底座（V75.1 工作台数据后端）
03_客户开发与CRM/WhatsApp与客户留存_2026补充.md,internal,WhatsApp Business API最新更新与客户留存（2026补充）
03_客户开发与CRM/实战剧本库/01_新客户完整开发链路剧本.md,internal,实战剧本01 — 新客户完整开发链路（德国厨刀进口商）
03_客户开发与CRM/实战剧本库/02_客户压价谈判剧本.md,internal,实战剧本02 — 客户压价谈判剧本（3大场景）
03_客户开发与CRM/实战剧本库/03_样品处理与寄样剧本.md,internal,实战剧本03 — 样品处理与寄样剧本
03_客户开发与CRM/实战剧本库/04_客户流失挽回剧本.md,internal,实战剧本04 — 客户流失挽回剧本
03_客户开发与CRM/实战剧本库/05_大客户深度开发剧本.md,internal,实战剧本05 — 大客户深度开发剧本（美国DTC品牌商）
03_客户开发与CRM/实战剧本库/06_小客户快速转化剧本.md,internal,实战剧本06 — 小客户快速转化剧本（亚马逊小卖家试单）
03_客户开发与CRM/实战剧本库/07_五国客户开发对话示例.md,internal,实战剧本07 — 五国客户开发对话示例（美/德/日/印/巴）
03_客户开发与CRM/实战剧本库/08_大客户深度开发完整剧本.md,internal,实战剧本08 — 大客户深度开发完整剧本（$500万+美国厨具品牌，20周全流程）
03_客户开发与CRM/实战剧本库/09_危机处理剧本.md,internal,实战剧本09 — 危机处理剧本（质量投诉/交期延误/价格争议）
03_客户开发与CRM/实战剧本库/10_客户挽回与复购剧本.md,internal,实战剧本10 — 客户挽回与复购剧本（沉默唤醒/流失赢回/复购引导）
03_客户开发与CRM/实战剧本库/11_展会客户开发完整剧本.md,internal,实战剧本11 — 展会客户开发完整剧本（展前邀约 / 展中接待 / 展后跟进）
03_客户开发与CRM/实战剧本库/12_老客户转介绍开发剧本.md,internal,实战剧本12 — 老客户转介绍开发剧本（Referral / Word-of-Mouth）
03_客户开发与CRM/实战剧本库/13_社媒私信开发剧本.md,internal,实战剧本13 — 社媒私信开发剧本（LinkedIn / Instagram / Facebook DM）
03_客户开发与CRM/客户常见异议处理话术库.md,internal,客户常见异议处理话术库（32类）
03_客户开发与CRM/客户开发一键启动包.md,internal,客户开发一键启动包（Quick Start Kit）
03_客户开发与CRM/客户开发最新方法与工具_2026.md,internal,客户开发最新方法与工具（2025-2026）
03_客户开发与CRM/客户服务全流程SOP.md,internal,客户服务全流程SOP
03_客户开发与CRM/邮件模板/01_首次开发信模板_多场景.md,internal,首次开发信模板（多场景）
03_客户开发与CRM/邮件模板/02_跟进邮件序列_Day0_3_7_14_21_30.md,internal,跟进邮件序列（Day0/3/7/14/21/30/Breakup）
03_客户开发与CRM/邮件模板/03_询盘回复模板.md,internal,询盘回复模板
03_客户开发与CRM/邮件模板/04_报价与PI模板说明.md,internal,报价与PI（形式发票）模板说明
03_客户开发与CRM/邮件模板/05_个性化开发信生成Skill.md,internal,个性化开发信生成Skill（客户网址+企业信息→一对一邮件）
04_国家地区开发指南/01_北美_美国加拿大.md,public,北美客户开发指南（美国/加拿大）
04_国家地区开发指南/02_欧洲_德英法意西荷.md,public,欧洲客户开发指南（德/英/法/意/西/荷）
04_国家地区开发指南/03_东亚_日韩.md,public,东亚客户开发指南（日本/韩国）
04_国家地区开发指南/04_东南亚_新马泰越印尼菲.md,public,东南亚客户开发指南（新马泰越印尼菲）
04_国家地区开发指南/05_中东_阿联酋沙特.md,public,中东客户开发指南（阿联酋/沙特）
04_国家地区开发指南/06_拉美_巴西墨西哥.md,public,拉美客户开发指南（巴西/墨西哥）
04_国家地区开发指南/07_俄罗斯与CIS.md,public,俄罗斯与CIS客户开发指南
04_国家地区开发指南/08_澳洲与新西兰.md,public,澳洲与新西兰客户开发指南
04_国家地区开发指南/09_印度与南亚.md,public,印度与南亚客户开发指南
04_国家地区开发指南/10_全球时区与最佳联系时间速查表.md,public,全球时区与最佳联系时间速查表 v5.6
04_国家地区开发指南/11_其他重要市场补充.md,public,其他重要市场补充（北欧/东欧/土耳其/南非/新西兰/港台）
04_国家地区开发指南/东亚/44_香港.md,public,中国香港客户开发指南（Hong Kong SAR）
04_国家地区开发指南/东南亚/22_越南.md,public,越南客户开发指南（Vietnam）
04_国家地区开发指南/东南亚/23_泰国.md,public,泰国客户开发指南（Thailand）
04_国家地区开发指南/东南亚/24_马来西亚.md,public,马来西亚客户开发指南（Malaysia）
04_国家地区开发指南/东南亚/25_印度尼西亚.md,public,印度尼西亚客户开发指南（Indonesia）
04_国家地区开发指南/东南亚/26_菲律宾.md,public,菲律宾客户开发指南（Philippines）
04_国家地区开发指南/东南亚/42_新加坡.md,public,新加坡客户开发指南（Singapore）
04_国家地区开发指南/东南亚/61_柬埔寨.md,public,柬埔寨客户开发指南（Cambodia / កម្ពុជា）v5.1
04_国家地区开发指南/中东/14_以色列.md,public,以色列客户开发指南（Israel）
04_国家地区开发指南/中东/43_阿联酋.md,public,阿联酋客户开发指南（UAE，迪拜/阿布扎比）
04_国家地区开发指南/中东/45_沙特阿拉伯.md,public,沙特阿拉伯客户开发指南（Saudi Arabia）
04_国家地区开发指南/中东/47_卡塔尔.md,public,卡塔尔客户开发指南（Qatar）v4.1
04_国家地区开发指南/中东/54_约旦.md,public,约旦客户开发指南（Jordan / الأردن）v5.1
04_国家地区开发指南/中东/56_科威特.md,public,科威特客户开发指南（Kuwait / الكويت）v5.1
04_国家地区开发指南/中东/57_黎巴嫩.md,public,黎巴嫩客户开发指南（Lebanon / لبنان）v5.1
04_国家地区开发指南/中东/62_阿曼.md,public,阿曼客户开发指南（Oman / سلطنة عُمان）v5.6
04_国家地区开发指南/南亚/27_印度.md,public,印度客户开发指南（India）
04_国家地区开发指南/南亚/28_巴基斯坦.md,public,巴基斯坦客户开发指南（Pakistan）
04_国家地区开发指南/南亚/46_孟加拉国.md,public,孟加拉国客户开发指南（Bangladesh）
04_国家地区开发指南/南亚/51_斯里兰卡.md,public,斯里兰卡客户开发指南（Sri Lanka）v4.1
04_国家地区开发指南/户外刀法规专项/11_户外刀各国进口法规专项.md,public,户外刀各国进口法规专项
04_国家地区开发指南/户外刀法规专项/各国刀具进口管制汇总_2026.md,public,各国刀具进口管制汇总 2026
04_国家地区开发指南/拉美/12_墨西哥.md,public,墨西哥客户开发指南（Mexico）
04_国家地区开发指南/拉美/13_巴西.md,public,巴西客户开发指南（Brazil）
04_国家地区开发指南/拉美/17_智利.md,public,智利客户开发指南（Chile）
04_国家地区开发指南/拉美/18_哥伦比亚.md,public,哥伦比亚客户开发指南（Colombia）
04_国家地区开发指南/拉美/36_秘鲁.md,public,秘鲁客户开发指南（Peru）
04_国家地区开发指南/拉美/41_乌拉圭.md,public,乌拉圭客户开发指南（Uruguay）
04_国家地区开发指南/拉美/49_厄瓜多尔.md,public,厄瓜多尔客户开发指南（Ecuador）v4.1
04_国家地区开发指南/拉美/52_巴拿马.md,public,巴拿马客户开发指南（Panamá）v5.1
04_国家地区开发指南/拉美/53_哥斯达黎加.md,public,哥斯达黎加客户开发指南（Costa Rica）v5.1
04_国家地区开发指南/拉美/60_玻利维亚.md,public,玻利维亚客户开发指南（Bolivia / Bolivia）v5.1
04_国家地区开发指南/拉美/64_洪都拉斯.md,public,洪都拉斯客户开发指南（Honduras）v5.6
04_国家地区开发指南/欧洲/16_比利时.md,public,比利时客户开发指南（Belgium）
04_国家地区开发指南/欧洲/20_奥地利.md,public,奥地利客户开发指南（Austria）
04_国家地区开发指南/欧洲/29_波兰.md,public,波兰客户开发指南（Poland）
04_国家地区开发指南/欧洲/30_瑞典.md,public,瑞典客户开发指南（Sweden）
04_国家地区开发指南/欧洲/31_罗马尼亚.md,public,罗马尼亚客户开发指南（Romania）
04_国家地区开发指南/欧洲/34_匈牙利.md,public,匈牙利客户开发指南（Hungary）
04_国家地区开发指南/欧洲/35_捷克.md,public,捷克客户开发指南（Czech Republic）
04_国家地区开发指南/欧洲/37_葡萄牙.md,public,葡萄牙客户开发指南（Portugal）
04_国家地区开发指南/欧洲/38_希腊.md,public,希腊客户开发指南（Greece）
04_国家地区开发指南/欧洲/48_克罗地亚.md,public,克罗地亚客户开发指南（Croatia）v4.1
04_国家地区开发指南/欧洲/59_爱沙尼亚.md,public,爱沙尼亚客户开发指南（Estonia / Eesti）v5.1
04_国家地区开发指南/欧洲/63_塞浦路斯.md,public,塞浦路斯客户开发指南（Cyprus / Κύπρος / Kıbrıs）v5.6
04_国家地区开发指南/非洲/15_尼日利亚.md,public,尼日利亚客户开发指南（Nigeria）
04_国家地区开发指南/非洲/21_肯尼亚.md,public,肯尼亚客户开发指南（Kenya）
04_国家地区开发指南/非洲/32_埃及.md,public,埃及客户开发指南（Egypt）
04_国家地区开发指南/非洲/33_摩洛哥.md,public,摩洛哥客户开发指南（Morocco）
04_国家地区开发指南/非洲/39_阿尔及利亚.md,public,阿尔及利亚客户开发指南（Algeria）
04_国家地区开发指南/非洲/40_加纳.md,public,加纳客户开发指南（Ghana）
04_国家地区开发指南/非洲/50_坦桑尼亚.md,public,坦桑尼亚客户开发指南（Tanzania）v4.1
04_国家地区开发指南/非洲/55_突尼斯.md,public,突尼斯客户开发指南（Tunisie / تونس）v5.1
04_国家地区开发指南/非洲/58_科特迪瓦.md,public,科特迪瓦客户开发指南（Côte d'Ivoire / Côte d'Ivoire）v5.1
05_独立站与SEO/01_网站架构与技术栈.md,internal,网站架构与技术栈
05_独立站与SEO/02_CSS设计规范.md,public,CSS 设计规范（--klc- 变量体系）
05_独立站与SEO/06_DMARC邮件认证状态.md,internal,kailioncrafts.com 邮件认证（DMARC/DKIM/SPF）状态
05_独立站与SEO/07_网站页面清单与结构.md,public,网站页面清单与结构
05_独立站与SEO/08_独立站技术运维SOP.md,internal,独立站技术运维SOP
05_独立站与SEO/09_网站用户体验与转化率优化CRO.md,internal,网站用户体验与转化率优化（CRO）
05_独立站与SEO/10_网站性能优化与Core Web Vitals.md,internal,网站性能优化与 Core Web Vitals
05_独立站与SEO/11_询盘表单优化与线索管理.md,internal,询盘表单优化与线索管理
05_独立站与SEO/12_Google Analytics与数据追踪.md,internal,Google Analytics 与数据追踪
05_独立站与SEO/9.19独立站备份内容提取.md,internal,9.19 独立站备份内容提取 (9.19 WordPress Backup Extraction)
05_独立站与SEO/AI客服工具与新兴渠道_2026补充.md,confidential,AI客服工具与新兴获客渠道（2026补充）
05_独立站与SEO/SEO修复方案/00_SEO修复执行总览.md,confidential,SEO 修复执行总览（P0/P1/P2 优先级与工作量）
05_独立站与SEO/SEO修复方案/Schema.org结构化数据方案.md,public,Schema.org 结构化数据方案（JSON-LD 可直接使用）
05_独立站与SEO/SEO修复方案/WooCommerce页面修复方案.md,public,WooCommerce 中文页面修复 + About 重复处理方案
05_独立站与SEO/SEO修复方案/产品SEO元数据表.md,confidential,产品 SEO 元数据表（129 产品修复方案）
05_独立站与SEO/SEO修复方案/博客SEO元数据表.md,public,博客 SEO 元数据表（7 篇文章修复方案）
05_独立站与SEO/SEO修复方案/页面SEO元数据表.md,internal,页面 SEO 元数据表（32 页面修复方案）
05_独立站与SEO/SEO内容规划.md,internal,独立站 SEO 内容规划（6 个月路线图 v1.0）
05_独立站与SEO/SEO规范/01_RankMath_SEO配置规范.md,public,RankMath SEO 配置规范（满分铁律）
05_独立站与SEO/SEO规范/02_SEO关键词库.md,internal,SEO 关键词库 v3.2（深化版 · 四大品类 + B2B + 博客）
05_独立站与SEO/SEO规范/03_图片SEO命名规范.md,internal,图片 SEO 命名规范（V3 终极版）
05_独立站与SEO/SEO规范/04_商品上架SOP.md,internal,WooCommerce 商品上架 SOP
05_独立站与SEO/Stage2补充提取_v5.4.md,internal,Stage2补充提取 v5.4 (Stage2 Deep Read Supplement)
05_独立站与SEO/博客内容/01_博客生成SOP.md,internal,B2B 博客标准化生成 SOP
05_独立站与SEO/博客内容/02_博客选题与标题库.md,public,博客选题与标题库（六大方向）
05_独立站与SEO/独立站SEO元数据汇总.md,public,独立站 SEO 元数据汇总 (Rank Math SEO Metadata Audit)
05_独立站与SEO/独立站SEO执行清单.md,internal,独立站SEO执行清单 (Independent Website SEO Execution Checklist)
05_独立站与SEO/独立站SEO最新算法与策略_2026.md,public,独立站SEO最新算法与策略（2025-2026）
05_独立站与SEO/独立站产品数据汇总.md,confidential,独立站产品数据汇总 (WooCommerce Product Inventory Audit)
05_独立站与SEO/独立站代码级优化指南.md,public,独立站代码级优化指南（Code-Level Optimization Playbook）
05_独立站与SEO/独立站插件与技术栈配置.md,internal,独立站插件与技术栈配置 (Plugin & Tech Stack Inventory)
05_独立站与SEO/独立站运营新工具与方法_2026Q3.md,confidential,独立站运营新工具与方法（2026 Q3）
05_独立站与SEO/独立站页面内容库.md,public,独立站页面内容库 (Independent Website Page Content Library)
05_独立站与SEO/页面文案/01_首页核心文案.md,public,首页核心文案（Homepage Copy）
05_独立站与SEO/页面文案/02_AboutUs页面文案.md,public,About Us 页面文案
05_独立站与SEO/页面文案/03_OEM_ODM页面文案.md,public,OEM / ODM 定制服务页面文案
05_独立站与SEO/页面文案/04_质量与认证页面文案.md,public,质量与认证页面文案
05_独立站与SEO/页面文案/05_出口服务页面文案.md,public,一站式出口服务页面文案
05_独立站与SEO/页面文案/06_买家画像与服务页面文案.md,public,买家画像与服务页面文案
06_海外仓与订单物流/01_海外仓战略与模式.md,internal,海外仓战略与模式（双引擎）
06_海外仓与订单物流/02_美国仓现货体系.md,internal,美国仓现货体系
06_海外仓与订单物流/03_物流路线与报价.md,internal,物流路线与报价
06_海外仓与订单物流/04_付款条款与方式.md,internal,付款条款与方式
06_海外仓与订单物流/05_出口流程与单证.md,internal,出口流程与单证
06_海外仓与订单物流/06_售后与索赔流程.md,internal,售后与索赔流程
06_海外仓与订单物流/07_售后服务与质保体系.md,internal,售后服务与质保体系
06_海外仓与订单物流/08_美国仓现货SKU库存清单.md,internal,美国仓现货SKU库存清单（已填入资料中可确认数据·其余待供应商补充）
06_海外仓与订单物流/09_美国仓选址与布局逻辑.md,internal,美国仓选址与布局逻辑（三州仓 CA / TX / NJ）
06_海外仓与订单物流/10_海外仓操作流程SOP.md,internal,海外仓操作流程 SOP（入库 / 上架 / 拣货 / 打包 / 发货 / 退货）
06_海外仓与订单物流/11_尾程渠道对比.md,internal,尾程渠道对比（USPS / UPS / FedEx 及国际快递）
06_海外仓与订单物流/12_库存周转与滞销品处理.md,internal,库存周转与滞销品处理
06_海外仓与订单物流/13_海外仓库存管理实操.md,internal,海外仓库存管理实操 — 入库/盘点/调拨/出库/预警/KPI/表格模板
06_海外仓与订单物流/14_海外仓成本核算与优化.md,internal,海外仓成本核算与优化 — 成本结构/核算模板/优化策略/三仓对比
06_海外仓与订单物流/15_美国三仓运营对比与协同.md,internal,美国三仓运营对比与协同 — CA/TX/NJ 优劣势/配送时效/协同策略/双引擎
06_海外仓与订单物流/16_海外仓退货处理与FBA协同.md,internal,海外仓退货处理与FBA协同 — 退货SOP/原因分析/成本控制/海外仓vs FBA/协同策略
07_营销与社媒/01_海外社媒运营总策略.md,public,海外社媒运营总策略
07_营销与社媒/02_TikTok运营指南.md,confidential,TikTok 运营指南
07_营销与社媒/03_YouTube运营指南.md,confidential,YouTube 运营指南
07_营销与社媒/04_Instagram运营指南.md,public,Instagram 运营指南
07_营销与社媒/05_Facebook运营与广告.md,confidential,Facebook 运营与广告
07_营销与社媒/06_LinkedIn_B2B运营.md,public,LinkedIn B2B 运营
07_营销与社媒/09_内容日历与选题库.md,confidential,内容日历与选题库
07_营销与社媒/主页设置规范/01_各平台主页填写标准.md,internal,各平台主页填写标准
07_营销与社媒/主页设置规范/02_四品类主页填写卡.md,internal,四品类主页填写卡
07_营销与社媒/主页设置规范/03_Banner与首屏视觉规范.md,internal,Banner与首屏视觉规范
07_营销与社媒/亚马逊运营知识库/01_亚马逊蓝海产品调研方法论.md,confidential,亚马逊蓝海产品调研方法论
07_营销与社媒/亚马逊运营知识库/02_亚马逊关键词研究与资产库.md,public,亚马逊关键词研究与资产库
07_营销与社媒/亚马逊运营知识库/03_亚马逊Listing优化全流程.md,confidential,亚马逊Listing优化全流程
07_营销与社媒/亚马逊运营知识库/04_亚马逊广告策略与调优.md,confidential,亚马逊广告策略与调优
07_营销与社媒/亚马逊运营知识库/05_亚马逊VOC消费者洞察.md,confidential,亚马逊VOC消费者洞察
07_营销与社媒/亚马逊运营知识库/06_亚马逊竞品调研方法.md,confidential,亚马逊竞品调研方法
07_营销与社媒/亚马逊运营知识库/07_亚马逊运营证据库与数据管理.md,public,亚马逊运营证据库与数据管理
07_营销与社媒/亚马逊运营知识库/08_亚马逊AI工具与Skill使用指南.md,public,亚马逊AI工具与Skill使用指南
07_营销与社媒/亚马逊运营知识库/09_亚马逊政策与算法更新_2025-2026.md,confidential,"""亚马逊政策与算法更新 2025-2026"""
07_营销与社媒/亚马逊运营知识库/10_刀剪品类亚马逊市场分析_2026.md,confidential,"""刀剪品类亚马逊市场分析 2026"""
07_营销与社媒/亚马逊运营知识库/11_跨境电商趋势与工具_2026.md,confidential,"""跨境电商趋势与工具 2026"""
07_营销与社媒/全年季节性营销日历.md,public,全年季节性营销日历 (Year-Round Seasonal Marketing Calendar)
07_营销与社媒/内容营销素材库/01_博客文章选题库.md,public,博客文章选题库 (Blog Article Topic Library)
07_营销与社媒/内容营销素材库/02_社交媒体文案模板库.md,confidential,社交媒体文案模板库 (Social Media Copy Template Library)
07_营销与社媒/内容营销素材库/03_产品描述模板库.md,confidential,产品描述模板库 (Product Description Template Library)
07_营销与社媒/内容营销素材库/04_邮件营销素材库.md,public,邮件营销素材库 (Email Marketing Material Library)
07_营销与社媒/内容营销素材库/05_内容日历与发布节奏.md,internal,内容日历与发布节奏 (Content Calendar & Publishing Rhythm)
07_营销与社媒/各国节日与营销问候时机.md,public,各国节日与营销问候时机
07_营销与社媒/多语言基础文案库.md,confidential,多语言基础文案库
07_营销与社媒/平台运营全案/01_TikTok运营全案.md,internal,TikTok运营全案
07_营销与社媒/平台运营全案/02_YouTube运营全案.md,public,YouTube运营全案
07_营销与社媒/平台运营全案/03_Facebook运营全案.md,confidential,Facebook运营全案（含Meta联动投流）
07_营销与社媒/平台运营全案/04_Instagram运营全案.md,public,Instagram运营全案
07_营销与社媒/平台运营全案/05_LinkedIn运营全案.md,public,LinkedIn运营全案
07_营销与社媒/平台运营全案/06_WhatsApp与Messenger运营.md,public,WhatsApp与Messenger运营全案
07_营销与社媒/平台运营全案/07_Pinterest及其他平台.md,public,Pinterest及其他平台运营全案
07_营销与社媒/平台运营全案/08_七平台主页规格速查与Bio模板_9.25版.md,public,七平台主页规格速查表与英文Bio模板（9.25深度调研）
07_营销与社媒/执行与防封/01_养号与防封总策略.md,internal,养号与防封总策略
07_营销与社媒/执行与防封/02_刀具内容合规红线.md,internal,刀具内容合规红线
07_营销与社媒/执行与防封/03_第一周7天执行清单.md,internal,第一周7天执行清单
07_营销与社媒/执行与防封/04_八平台合规手册_刀具品类.md,internal,八大海外社媒平台合规手册（刀具/户外品类）
07_营销与社媒/执行与防封/05_五平台邮箱与消息防封细则_9.25深度版.md,internal,五平台邮箱与消息防封细则（9.25深度调研补充）
07_营销与社媒/执行与防封/07_邮件营销与多账号防封禁.md,internal,邮件营销与多账号防封禁
07_营销与社媒/执行与防封/社媒内容日历执行版.md,internal,社媒内容日历执行版 (Social Media Content Calendar — Execution Edition)
07_营销与社媒/数字广告投放/01_Google_Ads投放指南.md,confidential,Google Ads 投放指南
07_营销与社媒/数字广告投放/02_Meta_Ads投放指南.md,confidential,Meta Ads 投放指南（Facebook / Instagram）
07_营销与社媒/数字广告投放/03_TikTok_Ads投放指南.md,confidential,TikTok Ads 投放指南
07_营销与社媒/数字广告投放/04_LinkedIn_Ads投放指南.md,confidential,LinkedIn Ads 投放指南
07_营销与社媒/数字广告投放/05_广告预算分配与ROI测算.md,internal,广告预算分配与ROI测算
07_营销与社媒/社交媒体运营SOP.md,internal,社交媒体运营SOP (Social Media Operations Standard Operating Procedure)
07_营销与社媒/社媒矩阵总控/01_社媒矩阵总控策略.md,internal,社媒矩阵总控策略
07_营销与社媒/社媒矩阵总控/02_账号命名与身份体系.md,internal,账号命名与身份体系
07_营销与社媒/社媒矩阵总控/03_48账号矩阵清单.md,internal,48账号矩阵完整清单
07_营销与社媒/社媒矩阵总控/04_六版深度整合执行总册.md,internal,海外社媒矩阵六版深度整合执行总册
07_营销与社媒/网红营销/刀具品类网红资源地图.md,confidential,刀具品类网红资源地图
07_营销与社媒/网红营销/海外网红营销指南.md,confidential,海外网红营销指南
07_营销与社媒/网红营销/联盟营销指南.md,confidential,联盟营销指南（Affiliate Marketing Playbook）
07_营销与社媒/视觉资产库/01_产品图片资产总索引.md,internal,"""产品图片资产总索引"""
07_营销与社媒/视觉资产库/02_厨房刀图片描述库.md,internal,"""厨房刀图片描述库"""
07_营销与社媒/视觉资产库/03_剪刀图片描述库.md,public,"""剪刀图片描述库"""
07_营销与社媒/视觉资产库/04_户外刀图片描述库.md,internal,"""户外刀图片描述库"""
07_营销与社媒/视觉资产库/05_厨房用品图片描述库.md,public,"""厨房用品图片描述库"""
07_营销与社媒/视觉资产库/06_品牌与页面视觉资产.md,public,"""品牌与页面视觉资产"""
07_营销与社媒/视觉资产库/07_工厂宣传片拍摄方法论_V2.0.md,public,工厂宣传片拍摄脚本方法论（V2.0 融合版要点提炼）
07_营销与社媒/视觉资产库/08_品牌视觉资产索引.md,public,品牌视觉资产索引
07_营销与社媒/跨境电商平台运营/01_Amazon卖家运营指南.md,confidential,Amazon 卖家运营指南
07_营销与社媒/跨境电商平台运营/02_eBay运营指南.md,confidential,eBay 运营指南
07_营销与社媒/跨境电商平台运营/03_Walmart_Marketplace运营指南.md,internal,Walmart Marketplace 运营指南
07_营销与社媒/跨境电商平台运营/04_各平台刀具类目政策对比.md,internal,各平台刀具类目政策对比
07_营销与社媒/跨境电商平台运营/05_多平台库存同步与订单管理.md,internal,多平台库存同步与订单管理
07_营销与社媒/跨境电商平台运营/06_平台选择与入驻决策.md,confidential,平台选择与入驻决策
08_AI工作流与工具/01_全局AI指令_核心规则摘要.md,internal,全局 AI 指令核心规则摘要
08_AI工作流与工具/02_AI工作台体系说明.md,internal,AI 工作台体系说明
08_AI工作流与工具/03_锴利超级AI工作台_v2.13.md,internal,锴利超级AI工作台 v2.13（KaiLionCreator）
08_AI工作流与工具/04_企业CRM工作台_GoodJob.md,internal,企业CRM工作台（GoodJob CRM）
08_AI工作流与工具/05_AI工具选型与协作矩阵.md,internal,AI 工具选型与协作矩阵
08_AI工作流与工具/06_工作台部署运维手册_V75.1_v2.13.1.md,internal,AI工作台部署运维手册（V75.1 获客台 + v2.13.1 创作台）
08_AI工作流与工具/AI工作台搭建与运维指南.md,internal,AI 工作台搭建与运维指南
08_AI工作流与工具/AI提示词库/01_客户开发提示词.md,internal,客户开发提示词库
08_AI工作流与工具/AI提示词库/02_产品描述提示词.md,internal,产品描述提示词库
08_AI工作流与工具/AI提示词库/03_社媒文案提示词.md,internal,社媒文案提示词库
08_AI工作流与工具/AI提示词库/04_SEO内容提示词.md,internal,SEO 内容提示词库
08_AI工作流与工具/AI提示词库/05_邮件营销提示词.md,internal,邮件营销提示词库
08_AI工作流与工具/AI提示词库/06_翻译与本地化提示词.md,internal,翻译与本地化提示词库
08_AI工作流与工具/AI提示词库/07_视频矩阵工作流.md,internal,刀剪海外社媒视频矩阵工作流（拍摄→剪辑→版本化）
08_AI工作流与工具/AI提示词库/08_KaiLionCrafts图片SEO命名Skill_提示词模板.md,internal,KaiLionCrafts 图片 SEO 命名 Skill 提示词模板
08_AI工作流与工具/AI提示词库/外贸业务AI提示词库_实战版.md,internal,外贸业务AI提示词库（实战版）
08_AI工作流与工具/Codex与Cursor/01_Codex技能库总览.md,internal,Codex 技能库总览
08_AI工作流与工具/Codex与Cursor/02_Cursor使用规范.md,internal,Cursor 使用规范
08_AI工作流与工具/Codex与Cursor/03_AI作图工作流.md,internal,AI 作图工作流
08_AI工作流与工具/Codex与Cursor/04_视频自动剪辑工作流.md,internal,视频自动剪辑工作流
08_AI工作流与工具/Codex与Cursor/05_爆款反推工作台.md,internal,爆款反推工作台
08_AI工作流与工具/Cursor与Codex外贸工作流.md,internal,Cursor 与 Codex 外贸开发工作流
08_AI工作流与工具/Dify工作流/01_Dify工作流总览.md,internal,Dify 工作流总览
08_AI工作流与工具/Dify工作流/02_Dify翻译工作流配置说明.md,internal,Dify 翻译工作流配置说明
08_AI工作流与工具/Dify工作流/03_Dify问答工作流配置说明.md,internal,Dify 问答工作流配置说明
08_AI工作流与工具/Dify工作流/04_Dify节点配置与数据集详解.md,internal,Dify 节点配置与数据集详解
08_AI工作流与工具/Dify知识库RAG配置实操.md,internal,Dify 知识库 RAG 配置实操
09_行业知识与培训/01_阳江刀剪产业概况.md,public,阳江刀剪产业概况
09_行业知识与培训/02_五金刀剪制造工艺.md,public,五金刀剪制造工艺
09_行业知识与培训/03_行业趋势与数字化转型.md,public,行业趋势与数字化转型
09_行业知识与培训/04_外贸从0到1实操指南.md,public,外贸从 0 到 1 实操指南
09_行业知识与培训/05_获客渠道与工具.md,public,获客渠道与工具
09_行业知识与培训/06_培训课程体系.md,public,培训课程体系
09_行业知识与培训/07_协会讲座核心内容.md,public,协会讲座核心内容
09_行业知识与培训/08_阳江刀剪制造工艺详解.md,public,阳江刀剪制造工艺详解
09_行业知识与培训/09_社媒实操方法论_洗码与广告.md,public,海外社媒实操方法论（洗码/养号/广告/B2B筛选）
09_行业知识与培训/10_培训课程六大模块实操详情.md,public,培训课程六大模块实操详情
09_行业知识与培训/11_全球刀剪市场分析.md,internal,全球刀剪市场分析
09_行业知识与培训/12_竞争对手分析.md,internal,竞争对手分析
09_行业知识与培训/13_外贸新手入门指南.md,public,外贸新手入门指南
09_行业知识与培训/14_刀剪产品专业知识培训.md,public,刀剪产品专业知识培训（钢材·工艺·质量·客户应答）
09_行业知识与培训/15_B2B谈判技巧与异议处理.md,public,B2B 谈判技巧与异议处理
09_行业知识与培训/17_五章实战培训课程全案.md,public,五章实战培训课程全案（AI+独立站+供应链+社媒出海）
09_行业知识与培训/刀剪行业标准与法规汇总.md,public,刀剪行业标准与法规汇总
09_行业知识与培训/协会课程/00_协会课程知识点总览.md,internal,协会课程知识点总览
09_行业知识与培训/协会课程/01_第一章_跨境网络基础设施.md,internal,"""第一章 · 跨境网络基础设施"""
09_行业知识与培训/协会课程/02_第二章_AI赋能五金刀剪.md,internal,"""第二章 · AI 赋能五金刀剪"""
09_行业知识与培训/协会课程/03_第三章_独立站与SEO实战.md,internal,"""第三章 · 独立站与 SEO 实战"""
09_行业知识与培训/协会课程/04_第四章_本地供应链拍摄剪辑.md,internal,"""第四章 本地供应链拍摄剪辑"""
09_行业知识与培训/协会课程/05_第五章_海外社媒运营矩阵.md,internal,"""第五章 海外社交媒体运营矩阵与双圈闭环"""
09_行业知识与培训/协会课程/06_第四五章复稿差异补充.md,internal,"""第四五章复稿差异补充"""
09_行业知识与培训/协会课程/07_课件数据溯源表.md,internal,"""课件数据溯源表"""
09_行业知识与培训/团队培训课程体系.md,public,团队培训课程体系（Team Training Curriculum）
09_行业知识与培训/外贸B2B最新趋势与最佳实践_2026.md,public,外贸B2B最新趋势与最佳实践（2025-2026）
09_行业知识与培训/外贸全流程知识链.md,public,外贸全流程知识链（End-to-End Export Workflow）
09_行业知识与培训/外贸关税政策与汇率走势_2026H2补充.md,public,外贸关税政策与汇率走势（2026下半年补充）
09_行业知识与培训/外贸最新政策与趋势_2026Q3补充.md,public,外贸最新政策与趋势（2026 Q3 补充）
09_行业知识与培训/展会参展全流程指南.md,public,展会参展全流程指南（v4.1）
09_行业知识与培训/竞争对手深度档案/01_Dalstrong深度档案.md,internal,Dalstrong深度档案
09_行业知识与培训/竞争对手深度档案/02_拓必拓TUO深度档案.md,internal,拓必拓TUO深度档案
09_行业知识与培训/竞争对手深度档案/03_信作XINZUO深度档案.md,internal,信作XINZUO深度档案
09_行业知识与培训/竞争对手监控体系.md,internal,竞争对手监控体系
10_项目路演与政府材料/01_创业比赛路演汇总.md,public,创业比赛路演汇总 — 各场赛事PPT要点、获奖情况与评委反馈
10_项目路演与政府材料/01_项目计划书核心内容.md,public,项目计划书核心内容 — AI 赋能阳江五金刀剪外贸数字化出海
10_项目路演与政府材料/02_创业大赛与荣誉.md,public,创业大赛与荣誉
10_项目路演与政府材料/02_政府政策与项目申报.md,public,政府政策与项目申报 — 已申报/在申报/可申报政策清单
10_项目路演与政府材料/03_协会活动与行业发声.md,public,协会活动与行业发声 — 协会讲座、合作信与培训课程
10_项目路演与政府材料/03_政府建议书与政策参与.md,public,政府建议书与政策参与
10_项目路演与政府材料/04_媒体报道与品牌背书.md,public,媒体报道与品牌背书 — 各级媒体报道清单与核心内容
10_项目路演与政府材料/04_社会效益与产业链升级.md,public,社会效益与产业链升级
10_项目路演与政府材料/05_社会效益与乡村振兴.md,public,社会效益与乡村振兴 — 带动就业、工厂升级与青年创业
10_项目路演与政府材料/06_路演演讲稿与金句库.md,public,路演演讲稿与金句库 — 核心叙事、金句与开场/结尾模板
10_项目路演与政府材料/07_项目申报材料模板.md,public,项目申报材料模板 — 项目计划书框架与申报书填写要点
10_项目路演与政府材料/08_政府对接资源清单.md,internal,政府对接资源清单 — 已对接部门、协会与媒体资源
10_项目路演与政府材料/09_路演PPT制作与演讲指南.md,public,路演PPT制作与演讲指南 — 结构/视觉规范/演讲技巧/问答模板/时长分配
10_项目路演与政府材料/10_政府项目申报材料模板.md,public,政府项目申报材料模板 — 项目建议书/可研报告/资金申请/百千万工程/阳东本地政策
10_项目路演与政府材料/11_媒体采访与公关应对指南.md,public,媒体采访与公关应对指南 — 采访准备/回答技巧/核心信息矩阵/危机公关/媒体关系
10_项目路演与政府材料/12_协会活动与行业发声指南.md,public,协会活动与行业发声指南 — 协会参与价值/活动类型/发声渠道/个人品牌/政企关系
10_项目路演与政府材料/原始资料索引/协会PPT目录中混入的路演PPT索引.md,internal,协会PPT目录中混入的路演PPT索引
11_订单与财务/01_订单处理全流程.md,internal,订单处理全流程（询盘到交付）
11_订单与财务/02_订单财务中心方案.md,confidential,订单财务中心落地方案
11_订单与财务/03_禁止反跳单协议.md,confidential,商业保密与禁止反跳单协议（要点）
11_订单与财务/04_报价体系与价格策略.md,internal,报价体系与价格策略
11_订单与财务/05_付款条款详解.md,internal,付款条款详解
11_订单与财务/06_订单全流程SOP.md,internal,订单全流程 SOP（标准操作程序）
11_订单与财务/07_PI形式发票模板.md,internal,PI 形式发票模板（英文标准格式）
11_订单与财务/08_销售合同模板.md,confidential,销售合同模板（英文 B2B 标准格式）
11_订单与财务/09_出口报关与退税流程.md,internal,出口报关与退税流程
11_订单与财务/10_物流费用结构与渠道对比.md,internal,物流费用结构与渠道对比
11_订单与财务/11_汇率风险管理.md,internal,汇率风险管理
11_订单与财务/供应链金融与贸易融资.md,internal,供应链金融与贸易融资
11_订单与财务/利润分析与定价模型.md,confidential,利润分析与定价模型
11_订单与财务/各国报价习惯与议价文化.md,internal,各国报价习惯与议价文化
11_订单与财务/外贸单证模板库/01_商业发票Commercial_Invoice模板.md,internal,商业发票 Commercial Invoice 模板
11_订单与财务/外贸单证模板库/02_装箱单Packing_List模板.md,internal,装箱单 Packing List 模板
11_订单与财务/外贸单证模板库/03_提单Bill_of_Lading确认模板.md,internal,提单 Bill of Lading 确认模板
11_订单与财务/外贸单证模板库/04_原产地证Certificate_of_Origin模板.md,internal,原产地证 Certificate of Origin 模板
11_订单与财务/外贸单证模板库/05_信用证L_C审核要点与模板.md,internal,信用证 L/C 审核要点与模板
11_订单与财务/外贸单证模板库/06_保险单Insurance_Policy模板.md,internal,保险单 Insurance Policy 模板
11_订单与财务/外贸单证模板库/07_检验证书Inspection_Certificate模板.md,internal,检验证书 Inspection Certificate 模板
11_订单与财务/外贸单证模板库/08_报关单要素与模板.md,internal,出口报关单要素与模板
11_订单与财务/报价与付款条款确认版口径.md,internal,报价与付款条款确认版口径
11_订单与财务/报价计算实操手册.md,internal,报价计算实操手册
11_订单与财务/汇率风险管理实操.md,internal,汇率风险管理实操
13_外部知识层/00_外部知识缺口分析.md,internal,外部知识缺口分析 v6.0阶段1
13_外部知识层/01_刀具跨境物流限制与承运商政策.md,public,刀具跨境物流限制与承运商政策
13_外部知识层/01_联网搜索计划.md,internal,联网搜索计划 v6.0阶段1
13_外部知识层/02_刀剪HS编码归类与关税指南.md,public,刀剪HS编码归类与关税指南
13_外部知识层/03_阳江刀剪出口数据_2023-2025.md,public,阳江刀剪出口数据 2023-2025
13_外部知识层/04_户外刀具各国法规权威来源汇编.md,internal,户外刀具各国法规权威来源汇编
13_外部知识层/04b_户外刀具各国法规_公开合规版.md,public,户外刀具各国法规汇编（公开合规版）
13_外部知识层/05_内外冲突清单_v6.0阶段2.md,internal,内外冲突清单 v6.0阶段2
13_外部知识层/06_独立站户外刀页面敏感词清单.md,internal,独立站户外刀页面敏感词清单
13_外部知识层/07_管制刀型疑似SKU清单.md,confidential,管制刀型疑似SKU清单
13_外部知识层/08_刀剪专业知识深度素材.md,public,刀剪行业专业知识深度素材
13_外部知识层/09_刀剪买家问题与长尾关键词.md,public,刀剪买家问题与长尾关键词库
13_外部知识层/10_内容选题库_搜索意图优先级.md,internal,内容选题库 — 按搜索意图与商业价值优先级排序
13_外部知识层/11_主要竞品品牌分析.md,internal,主要竞品品牌分析
13_外部知识层/12_刀剪品类价格带与评论痛点.md,internal,刀剪品类价格带与评论痛点
13_外部知识层/12b_刀剪品类价格带趋势_公开版.md,public,刀剪品类价格带趋势与评论痛点（公开版）
13_外部知识层/13_竞品官网结构与转化手法分析.md,internal,竞品官网结构与转化手法分析
13_外部知识层/对外模板敏感词检查清单.md,internal,对外模板敏感词检查清单
13_外部知识层/户外刀敏感词改前改后对照表.md,internal,户外刀敏感词改前改后对照表
99_原始资料索引与映射/01_知识库文件全清单.md,internal,KaiLionCrafts知识库文件全清单 v7.1
99_原始资料索引与映射/02_原始资料→知识库映射表.md,internal,原始资料→知识库映射表
99_原始资料索引与映射/03_敏感信息与待补充清单.md,internal,敏感信息与待补充清单
99_归档/2026-09-28_16_展会参展指南.md,public,展会参展指南（广交会实战）
知识库完整框架说明.md,public,KaiLionCrafts 公司知识库完整框架说明
